{
  "gestalt": {
    "CLIP": {
      "1": 0.263316,
      "2": 0.290968,
      "3": 0.293436,
      "4": 0.266008,
      "5": 0.280506,
      "6": 0.392682,
      "7": 0.503187,
      "8": 0.576595
    },
    "MAE": {
      "1": 0.23821,
      "2": 0.2349,
      "3": 0.227336,
      "4": 0.238617,
      "5": 0.211428,
      "6": 0.228551,
      "7": 0.206526,
      "8": 0.23026
    },
    "DINO-v1": {
      "1": 0.240373,
      "2": 0.233466,
      "3": 0.230401,
      "4": 0.216858,
      "5": 0.263743,
      "6": 0.338646,
      "7": 0.458891,
      "8": 0.491433
    }
  },
  "mnemonic": {
    "CLIP": {
      "similarity": {
        "1": 0.800199,
        "2": 0.802127,
        "3": 0.81439,
        "4": 0.829769,
        "5": 0.887688,
        "6": 0.911613,
        "7": 0.935495,
        "8": 0.974717
      },
      "retrieval": {
        "1": 0.2,
        "2": 0.2,
        "3": 0.4,
        "4": 0.4,
        "5": 0.8,
        "6": 1.0,
        "7": 1.0,
        "8": 1.0
      }
    },
    "MAE": {
      "similarity": {
        "1": 0.952973,
        "2": 0.959124,
        "3": 0.966484,
        "4": 0.973329,
        "5": 0.98048,
        "6": 0.987988,
        "7": 0.991116,
        "8": 0.99419
      },
      "retrieval": {
        "1": 0.4,
        "2": 0.4,
        "3": 0.4,
        "4": 0.6,
        "5": 1.0,
        "6": 1.0,
        "7": 1.0,
        "8": 1.0
      }
    },
    "DINO-v1": {
      "similarity": {
        "1": 0.423114,
        "2": 0.488896,
        "3": 0.563758,
        "4": 0.673235,
        "5": 0.77496,
        "6": 0.868525,
        "7": 0.892695,
        "8": 0.938488
      },
      "retrieval": {
        "1": 0.4,
        "2": 0.4,
        "3": 0.6,
        "4": 0.6,
        "5": 1.0,
        "6": 1.0,
        "7": 1.0,
        "8": 1.0
      }
    }
  },
  "semantic": {
    "CLIP": {
      "prototype_acc": {
        "1": 0.2,
        "2": 0.2,
        "3": 0.4,
        "4": 0.4,
        "5": 0.8,
        "6": 1.0,
        "7": 1.0,
        "8": 1.0
      },
      "zeroshot_acc": {
        "1": 0.0,
        "2": 0.0,
        "3": 0.0,
        "4": 0.0,
        "5": 0.0,
        "6": 0.0,
        "7": 0.0,
        "8": 0.0
      }
    },
    "MAE": {
      "prototype_acc": {
        "1": 0.4,
        "2": 0.4,
        "3": 0.4,
        "4": 0.6,
        "5": 1.0,
        "6": 1.0,
        "7": 1.0,
        "8": 1.0
      }
    },
    "DINO-v1": {
      "prototype_acc": {
        "1": 0.4,
        "2": 0.4,
        "3": 0.6,
        "4": 0.6,
        "5": 1.0,
        "6": 1.0,
        "7": 1.0,
        "8": 1.0
      }
    }
  }
}