{
  "gestalt": {
    "I-JEPA": {
      "1": {
        "mean": 0.317165,
        "std": 0.131519
      },
      "2": {
        "mean": 0.347308,
        "std": 0.147774
      },
      "3": {
        "mean": 0.3768,
        "std": 0.163945
      },
      "4": {
        "mean": 0.418121,
        "std": 0.177102
      },
      "5": {
        "mean": 0.465269,
        "std": 0.193808
      },
      "6": {
        "mean": 0.504669,
        "std": 0.205192
      },
      "7": {
        "mean": 0.514291,
        "std": 0.197686
      },
      "8": {
        "mean": 0.456147,
        "std": 0.179747
      }
    },
    "DINOv2": {
      "1": {
        "mean": 0.269427,
        "std": 0.102333
      },
      "2": {
        "mean": 0.266812,
        "std": 0.102327
      },
      "3": {
        "mean": 0.266698,
        "std": 0.10035
      },
      "4": {
        "mean": 0.269416,
        "std": 0.105643
      },
      "5": {
        "mean": 0.271729,
        "std": 0.108678
      },
      "6": {
        "mean": 0.270581,
        "std": 0.107943
      },
      "7": {
        "mean": 0.27011,
        "std": 0.106182
      },
      "8": {
        "mean": 0.267923,
        "std": 0.103665
      }
    },
    "ViT-supervised": {
      "1": {
        "mean": 0.279667,
        "std": 0.111884
      },
      "2": {
        "mean": 0.281982,
        "std": 0.117388
      },
      "3": {
        "mean": 0.28238,
        "std": 0.119924
      },
      "4": {
        "mean": 0.279249,
        "std": 0.119426
      },
      "5": {
        "mean": 0.27148,
        "std": 0.112363
      },
      "6": {
        "mean": 0.267393,
        "std": 0.110145
      },
      "7": {
        "mean": 0.265092,
        "std": 0.109853
      },
      "8": {
        "mean": 0.278014,
        "std": 0.121059
      }
    }
  },
  "mnemonic": {
    "I-JEPA": {
      "similarity": {
        "1": {
          "mean": 0.597619,
          "std": 0.121681
        },
        "2": {
          "mean": 0.607386,
          "std": 0.123308
        },
        "3": {
          "mean": 0.616653,
          "std": 0.123187
        },
        "4": {
          "mean": 0.630598,
          "std": 0.12395
        },
        "5": {
          "mean": 0.657138,
          "std": 0.127681
        },
        "6": {
          "mean": 0.721031,
          "std": 0.128452
        },
        "7": {
          "mean": 0.853266,
          "std": 0.098502
        },
        "8": {
          "mean": 1.0,
          "std": 0.0
        }
      },
      "retrieval": {
        "1": {
          "mean": 0.253846,
          "std": 0.435211
        },
        "2": {
          "mean": 0.219231,
          "std": 0.413725
        },
        "3": {
          "mean": 0.319231,
          "std": 0.466179
        },
        "4": {
          "mean": 0.342308,
          "std": 0.474482
        },
        "5": {
          "mean": 0.407692,
          "std": 0.491405
        },
        "6": {
          "mean": 0.515385,
          "std": 0.499763
        },
        "7": {
          "mean": 0.765385,
          "std": 0.423758
        },
        "8": {
          "mean": 1.0,
          "std": 0.0
        }
      }
    },
    "DINOv2": {
      "similarity": {
        "1": {
          "mean": 0.170345,
          "std": 0.100705
        },
        "2": {
          "mean": 0.218915,
          "std": 0.126158
        },
        "3": {
          "mean": 0.294317,
          "std": 0.157924
        },
        "4": {
          "mean": 0.402108,
          "std": 0.171611
        },
        "5": {
          "mean": 0.567837,
          "std": 0.170142
        },
        "6": {
          "mean": 0.737099,
          "std": 0.13204
        },
        "7": {
          "mean": 0.873508,
          "std": 0.075319
        },
        "8": {
          "mean": 0.983313,
          "std": 0.013936
        }
      },
      "retrieval": {
        "1": {
          "mean": 0.488462,
          "std": 0.499867
        },
        "2": {
          "mean": 0.546154,
          "std": 0.497865
        },
        "3": {
          "mean": 0.746154,
          "std": 0.435211
        },
        "4": {
          "mean": 0.880769,
          "std": 0.32406
        },
        "5": {
          "mean": 0.973077,
          "std": 0.161859
        },
        "6": {
          "mean": 1.0,
          "std": 0.0
        },
        "7": {
          "mean": 1.0,
          "std": 0.0
        },
        "8": {
          "mean": 1.0,
          "std": 0.0
        }
      }
    },
    "ViT-supervised": {
      "similarity": {
        "1": {
          "mean": 0.147633,
          "std": 0.091558
        },
        "2": {
          "mean": 0.16799,
          "std": 0.096865
        },
        "3": {
          "mean": 0.199064,
          "std": 0.106437
        },
        "4": {
          "mean": 0.254019,
          "std": 0.11898
        },
        "5": {
          "mean": 0.348207,
          "std": 0.132746
        },
        "6": {
          "mean": 0.506811,
          "std": 0.137282
        },
        "7": {
          "mean": 0.724359,
          "std": 0.10802
        },
        "8": {
          "mean": 0.955939,
          "std": 0.030178
        }
      },
      "retrieval": {
        "1": {
          "mean": 0.307692,
          "std": 0.461538
        },
        "2": {
          "mean": 0.346154,
          "std": 0.475743
        },
        "3": {
          "mean": 0.45,
          "std": 0.497494
        },
        "4": {
          "mean": 0.569231,
          "std": 0.495184
        },
        "5": {
          "mean": 0.826923,
          "std": 0.378314
        },
        "6": {
          "mean": 0.957692,
          "std": 0.20129
        },
        "7": {
          "mean": 1.0,
          "std": 0.0
        },
        "8": {
          "mean": 1.0,
          "std": 0.0
        }
      }
    }
  },
  "semantic": {
    "I-JEPA": {
      "prototype_acc": {
        "1": {
          "mean": 0.296154,
          "std": 0.45656
        },
        "2": {
          "mean": 0.330769,
          "std": 0.47049
        },
        "3": {
          "mean": 0.373077,
          "std": 0.483622
        },
        "4": {
          "mean": 0.388462,
          "std": 0.4874
        },
        "5": {
          "mean": 0.388462,
          "std": 0.4874
        },
        "6": {
          "mean": 0.411538,
          "std": 0.492112
        },
        "7": {
          "mean": 0.576923,
          "std": 0.494047
        },
        "8": {
          "mean": 0.761538,
          "std": 0.426143
        }
      }
    },
    "DINOv2": {
      "prototype_acc": {
        "1": {
          "mean": 0.396154,
          "std": 0.489097
        },
        "2": {
          "mean": 0.430769,
          "std": 0.495184
        },
        "3": {
          "mean": 0.519231,
          "std": 0.49963
        },
        "4": {
          "mean": 0.688462,
          "std": 0.463122
        },
        "5": {
          "mean": 0.807692,
          "std": 0.394113
        },
        "6": {
          "mean": 0.907692,
          "std": 0.28946
        },
        "7": {
          "mean": 0.903846,
          "std": 0.294802
        },
        "8": {
          "mean": 0.961538,
          "std": 0.192308
        }
      }
    },
    "ViT-supervised": {
      "prototype_acc": {
        "1": {
          "mean": 0.357692,
          "std": 0.479321
        },
        "2": {
          "mean": 0.384615,
          "std": 0.486504
        },
        "3": {
          "mean": 0.384615,
          "std": 0.486504
        },
        "4": {
          "mean": 0.461538,
          "std": 0.498519
        },
        "5": {
          "mean": 0.561538,
          "std": 0.496199
        },
        "6": {
          "mean": 0.673077,
          "std": 0.469089
        },
        "7": {
          "mean": 0.819231,
          "std": 0.384827
        },
        "8": {
          "mean": 0.903846,
          "std": 0.294802
        }
      }
    }
  }
}