{
  "gestalt": {
    "NEPA": {
      "1": {
        "mean": 0.270358,
        "std": 0.118853,
        "silhouette_mean": 0.318451,
        "silhouette_std": 0.02376
      },
      "2": {
        "mean": 0.276848,
        "std": 0.128492,
        "silhouette_mean": 0.304945,
        "silhouette_std": 0.023633
      },
      "3": {
        "mean": 0.253202,
        "std": 0.06468,
        "silhouette_mean": 0.304865,
        "silhouette_std": 0.035968
      },
      "4": {
        "mean": 0.268936,
        "std": 0.059658,
        "silhouette_mean": 0.33307,
        "silhouette_std": 0.078947
      },
      "5": {
        "mean": 0.273436,
        "std": 0.07481,
        "silhouette_mean": 0.329562,
        "silhouette_std": 0.061957
      },
      "6": {
        "mean": 0.321556,
        "std": 0.09783,
        "silhouette_mean": 0.357437,
        "silhouette_std": 0.060722
      },
      "7": {
        "mean": 0.361545,
        "std": 0.094088,
        "silhouette_mean": 0.398503,
        "silhouette_std": 0.067437
      },
      "8": {
        "mean": 0.457706,
        "std": 0.119931,
        "silhouette_mean": 0.415663,
        "silhouette_std": 0.04815
      }
    }
  },
  "mnemonic": {
    "NEPA": {
      "similarity": {
        "1": {
          "mean": 0.992775,
          "std": 0.007927
        },
        "2": {
          "mean": 0.993088,
          "std": 0.00809
        },
        "3": {
          "mean": 0.993326,
          "std": 0.008073
        },
        "4": {
          "mean": 0.994466,
          "std": 0.006427
        },
        "5": {
          "mean": 0.995606,
          "std": 0.005141
        },
        "6": {
          "mean": 0.996714,
          "std": 0.00324
        },
        "7": {
          "mean": 0.997925,
          "std": 0.002222
        },
        "8": {
          "mean": 0.999131,
          "std": 0.000614
        }
      },
      "retrieval": {
        "1": {
          "mean": 0.2,
          "std": 0.0
        },
        "2": {
          "mean": 0.2,
          "std": 0.0
        },
        "3": {
          "mean": 0.2,
          "std": 0.0
        },
        "4": {
          "mean": 0.2,
          "std": 0.0
        },
        "5": {
          "mean": 0.2,
          "std": 0.0
        },
        "6": {
          "mean": 0.2,
          "std": 0.0
        },
        "7": {
          "mean": 0.2,
          "std": 0.0
        },
        "8": {
          "mean": 0.4,
          "std": 0.0
        }
      }
    }
  },
  "semantic": {
    "NEPA": {
      "prototype_acc": {
        "1": {
          "mean": 0.6,
          "std": 0.0
        },
        "2": {
          "mean": 0.6,
          "std": 0.0
        },
        "3": {
          "mean": 0.6,
          "std": 0.0
        },
        "4": {
          "mean": 0.6,
          "std": 0.0
        },
        "5": {
          "mean": 0.6,
          "std": 0.0
        },
        "6": {
          "mean": 0.6,
          "std": 0.0
        },
        "7": {
          "mean": 0.6,
          "std": 0.0
        },
        "8": {
          "mean": 0.8,
          "std": 0.0
        }
      }
    }
  }
}