{
  "gestalt": {
    "CLIP": {
      "1": {
        "mean": 0.382941,
        "std": 0.123271,
        "silhouette_mean": 0.620594,
        "silhouette_std": 0.011109
      },
      "2": {
        "mean": 0.390773,
        "std": 0.122966,
        "silhouette_mean": 0.619602,
        "silhouette_std": 0.013185
      },
      "3": {
        "mean": 0.401727,
        "std": 0.120414,
        "silhouette_mean": 0.61948,
        "silhouette_std": 0.015395
      },
      "4": {
        "mean": 0.412835,
        "std": 0.1181,
        "silhouette_mean": 0.621917,
        "silhouette_std": 0.018186
      },
      "5": {
        "mean": 0.435294,
        "std": 0.115516,
        "silhouette_mean": 0.629079,
        "silhouette_std": 0.020541
      },
      "6": {
        "mean": 0.474209,
        "std": 0.117091,
        "silhouette_mean": 0.638627,
        "silhouette_std": 0.024494
      },
      "7": {
        "mean": 0.523538,
        "std": 0.121058,
        "silhouette_mean": 0.656523,
        "silhouette_std": 0.02831
      },
      "8": {
        "mean": 0.580675,
        "std": 0.128761,
        "silhouette_mean": 0.696152,
        "silhouette_std": 0.032339
      }
    },
    "MAE": {
      "1": {
        "mean": 0.266434,
        "std": 0.114021,
        "silhouette_mean": 0.66271,
        "silhouette_std": 0.168454
      },
      "2": {
        "mean": 0.266382,
        "std": 0.113175,
        "silhouette_mean": 0.677263,
        "silhouette_std": 0.11505
      },
      "3": {
        "mean": 0.267272,
        "std": 0.118084,
        "silhouette_mean": 0.675273,
        "silhouette_std": 0.062849
      },
      "4": {
        "mean": 0.263879,
        "std": 0.114669,
        "silhouette_mean": 0.640796,
        "silhouette_std": 0.062418
      },
      "5": {
        "mean": 0.258147,
        "std": 0.108448,
        "silhouette_mean": 0.606124,
        "silhouette_std": 0.053548
      },
      "6": {
        "mean": 0.253871,
        "std": 0.104171,
        "silhouette_mean": 0.56199,
        "silhouette_std": 0.055968
      },
      "7": {
        "mean": 0.245702,
        "std": 0.095147,
        "silhouette_mean": 0.515601,
        "silhouette_std": 0.058909
      },
      "8": {
        "mean": 0.238641,
        "std": 0.087524,
        "silhouette_mean": 0.47223,
        "silhouette_std": 0.062765
      }
    },
    "DINO-v1": {
      "1": {
        "mean": 0.278594,
        "std": 0.097374,
        "silhouette_mean": 0.455802,
        "silhouette_std": 0.091778
      },
      "2": {
        "mean": 0.306332,
        "std": 0.09819,
        "silhouette_mean": 0.437047,
        "silhouette_std": 0.075358
      },
      "3": {
        "mean": 0.341047,
        "std": 0.102679,
        "silhouette_mean": 0.414507,
        "silhouette_std": 0.066006
      },
      "4": {
        "mean": 0.385881,
        "std": 0.115337,
        "silhouette_mean": 0.376142,
        "silhouette_std": 0.069744
      },
      "5": {
        "mean": 0.440771,
        "std": 0.118547,
        "silhouette_mean": 0.345853,
        "silhouette_std": 0.069028
      },
      "6": {
        "mean": 0.47614,
        "std": 0.120118,
        "silhouette_mean": 0.326344,
        "silhouette_std": 0.070972
      },
      "7": {
        "mean": 0.488692,
        "std": 0.118139,
        "silhouette_mean": 0.32346,
        "silhouette_std": 0.074901
      },
      "8": {
        "mean": 0.489743,
        "std": 0.121559,
        "silhouette_mean": 0.356671,
        "silhouette_std": 0.079865
      }
    },
    "I-JEPA": {
      "1": {
        "mean": 0.30448,
        "std": 0.116583,
        "silhouette_mean": 0.128358,
        "silhouette_std": 0.010317
      },
      "2": {
        "mean": 0.316509,
        "std": 0.116766,
        "silhouette_mean": 0.126667,
        "silhouette_std": 0.009651
      },
      "3": {
        "mean": 0.328168,
        "std": 0.114763,
        "silhouette_mean": 0.126099,
        "silhouette_std": 0.008878
      },
      "4": {
        "mean": 0.342604,
        "std": 0.120811,
        "silhouette_mean": 0.126701,
        "silhouette_std": 0.009367
      },
      "5": {
        "mean": 0.355121,
        "std": 0.127298,
        "silhouette_mean": 0.127655,
        "silhouette_std": 0.010388
      },
      "6": {
        "mean": 0.38821,
        "std": 0.140753,
        "silhouette_mean": 0.130724,
        "silhouette_std": 0.011283
      },
      "7": {
        "mean": 0.428209,
        "std": 0.161269,
        "silhouette_mean": 0.135331,
        "silhouette_std": 0.012126
      },
      "8": {
        "mean": 0.479623,
        "std": 0.165639,
        "silhouette_mean": 0.139919,
        "silhouette_std": 0.012571
      }
    },
    "ViT-supervised": {
      "1": {
        "mean": 0.381884,
        "std": 0.132694,
        "silhouette_mean": 0.183375,
        "silhouette_std": 0.019498
      },
      "2": {
        "mean": 0.389029,
        "std": 0.132457,
        "silhouette_mean": 0.186774,
        "silhouette_std": 0.021608
      },
      "3": {
        "mean": 0.400435,
        "std": 0.134614,
        "silhouette_mean": 0.189464,
        "silhouette_std": 0.023496
      },
      "4": {
        "mean": 0.413522,
        "std": 0.141737,
        "silhouette_mean": 0.192634,
        "silhouette_std": 0.024302
      },
      "5": {
        "mean": 0.423208,
        "std": 0.144344,
        "silhouette_mean": 0.192283,
        "silhouette_std": 0.024035
      },
      "6": {
        "mean": 0.432569,
        "std": 0.148158,
        "silhouette_mean": 0.197759,
        "silhouette_std": 0.026856
      },
      "7": {
        "mean": 0.443287,
        "std": 0.1438,
        "silhouette_mean": 0.206927,
        "silhouette_std": 0.02861
      },
      "8": {
        "mean": 0.461137,
        "std": 0.130114,
        "silhouette_mean": 0.238528,
        "silhouette_std": 0.034373
      }
    }
  },
  "mnemonic": {
    "CLIP": {
      "similarity": {
        "1": {
          "mean": 0.813846,
          "std": 0.042025
        },
        "2": {
          "mean": 0.817281,
          "std": 0.04207
        },
        "3": {
          "mean": 0.821405,
          "std": 0.042295
        },
        "4": {
          "mean": 0.829225,
          "std": 0.042202
        },
        "5": {
          "mean": 0.844117,
          "std": 0.043295
        },
        "6": {
          "mean": 0.872741,
          "std": 0.044356
        },
        "7": {
          "mean": 0.92565,
          "std": 0.034199
        },
        "8": {
          "mean": 0.974707,
          "std": 0.01425
        }
      },
      "retrieval": {
        "1": {
          "mean": 0.235897,
          "std": 0.015806
        },
        "2": {
          "mean": 0.246154,
          "std": 0.027377
        },
        "3": {
          "mean": 0.255128,
          "std": 0.014841
        },
        "4": {
          "mean": 0.288462,
          "std": 0.008309
        },
        "5": {
          "mean": 0.391026,
          "std": 0.004797
        },
        "6": {
          "mean": 0.605128,
          "std": 0.007903
        },
        "7": {
          "mean": 0.926923,
          "std": 0.005439
        },
        "8": {
          "mean": 1.0,
          "std": 0.0
        }
      }
    },
    "MAE": {
      "similarity": {
        "1": {
          "mean": 0.964209,
          "std": 0.007783
        },
        "2": {
          "mean": 0.970709,
          "std": 0.007288
        },
        "3": {
          "mean": 0.977732,
          "std": 0.006169
        },
        "4": {
          "mean": 0.983909,
          "std": 0.005057
        },
        "5": {
          "mean": 0.989307,
          "std": 0.004045
        },
        "6": {
          "mean": 0.994056,
          "std": 0.002443
        },
        "7": {
          "mean": 0.997572,
          "std": 0.001194
        },
        "8": {
          "mean": 1.0,
          "std": 0.0
        }
      },