{
  "gestalt": {
    "CLIP": {
      "1": {
        "mean": 0.389529,
        "std": 0.126196,
        "silhouette_mean": 0.620104,
        "silhouette_std": 0.011072
      },
      "2": {
        "mean": 0.399939,
        "std": 0.126688,
        "silhouette_mean": 0.619198,
        "silhouette_std": 0.0138
      },
      "3": {
        "mean": 0.413063,
        "std": 0.125673,
        "silhouette_mean": 0.618603,
        "silhouette_std": 0.016719
      },
      "4": {
        "mean": 0.427883,
        "std": 0.122827,
        "silhouette_mean": 0.620552,
        "silhouette_std": 0.019414
      },
      "5": {
        "mean": 0.454862,
        "std": 0.122047,
        "silhouette_mean": 0.627049,
        "silhouette_std": 0.022086
      },
      "6": {
        "mean": 0.501038,
        "std": 0.124917,
        "silhouette_mean": 0.636617,
        "silhouette_std": 0.026076
      },
      "7": {
        "mean": 0.562526,
        "std": 0.133621,
        "silhouette_mean": 0.654711,
        "silhouette_std": 0.030607
      },
      "8": {
        "mean": 0.628008,
        "std": 0.139867,
        "silhouette_mean": 0.696167,
        "silhouette_std": 0.034677
      }
    },
    "MAE": {
      "1": {
        "mean": 0.269819,
        "std": 0.120181,
        "silhouette_mean": 0.735844,
        "silhouette_std": 0.143995
      },
      "2": {
        "mean": 0.268561,
        "std": 0.118396,
        "silhouette_mean": 0.728924,
        "silhouette_std": 0.111967
      },
      "3": {
        "mean": 0.26651,
        "std": 0.116261,
        "silhouette_mean": 0.712564,
        "silhouette_std": 0.087818
      },
      "4": {
        "mean": 0.264594,
        "std": 0.113364,
        "silhouette_mean": 0.685225,
        "silhouette_std": 0.070323
      },
      "5": {
        "mean": 0.260334,
        "std": 0.108699,
        "silhouette_mean": 0.652452,
        "silhouette_std": 0.063214
      },
      "6": {
        "mean": 0.254133,
        "std": 0.102098,
        "silhouette_mean": 0.613625,
        "silhouette_std": 0.060717
      },
      "7": {
        "mean": 0.244005,
        "std": 0.093359,
        "silhouette_mean": 0.56785,
        "silhouette_std": 0.062199
      },
      "8": {
        "mean": 0.240337,
        "std": 0.085775,
        "silhouette_mean": 0.521729,
        "silhouette_std": 0.06229
      }
    },
    "DINO-v1": {
      "1": {
        "mean": 0.293692,
        "std": 0.0867,
        "silhouette_mean": 0.46337,
        "silhouette_std": 0.074582
      },
      "2": {
        "mean": 0.343907,
        "std": 0.09195,
        "silhouette_mean": 0.432722,
        "silhouette_std": 0.067175
      },
      "3": {
        "mean": 0.413221,
        "std": 0.099342,
        "silhouette_mean": 0.408578,
        "silhouette_std": 0.060976
      },
      "4": {
        "mean": 0.494004,
        "std": 0.116808,
        "silhouette_mean": 0.378019,
        "silhouette_std": 0.064971
      },
      "5": {
        "mean": 0.558528,
        "std": 0.122836,
        "silhouette_mean": 0.360483,
        "silhouette_std": 0.064787
      },
      "6": {
        "mean": 0.592416,
        "std": 0.124694,
        "silhouette_mean": 0.349822,
        "silhouette_std": 0.067959
      },
      "7": {
        "mean": 0.600549,
        "std": 0.127624,
        "silhouette_mean": 0.34755,
        "silhouette_std": 0.073025
      },
      "8": {
        "mean": 0.625173,
        "std": 0.132337,
        "silhouette_mean": 0.386664,
        "silhouette_std": 0.075111
      }
    },
    "I-JEPA": {
      "1": {
        "mean": 0.299312,
        "std": 0.102963,
        "silhouette_mean": 0.122624,
        "silhouette_std": 0.010149
      },
      "2": {
        "mean": 0.307007,
        "std": 0.104294,
        "silhouette_mean": 0.120413,
        "silhouette_std": 0.009685
      },
      "3": {
        "mean": 0.313012,
        "std": 0.102956,
        "silhouette_mean": 0.120321,
        "silhouette_std": 0.009338
      },
      "4": {
        "mean": 0.318856,
        "std": 0.105621,
        "silhouette_mean": 0.120043,
        "silhouette_std": 0.010291
      },
      "5": {
        "mean": 0.330636,
        "std": 0.117211,
        "silhouette_mean": 0.119782,
        "silhouette_std": 0.010791
      },
      "6": {
        "mean": 0.352362,
        "std": 0.132762,
        "silhouette_mean": 0.122434,
        "silhouette_std": 0.01085
      },
      "7": {
        "mean": 0.416105,
        "std": 0.168569,
        "silhouette_mean": 0.125895,
        "silhouette_std": 0.011693
      },
      "8": {
        "mean": 0.475805,
        "std": 0.189023,
        "silhouette_mean": 0.12862,
        "silhouette_std": 0.012134
      }
    },
    "ViT-supervised": {
      "1": {
        "mean": 0.374271,
        "std": 0.13897,
        "silhouette_mean": 0.179698,
        "silhouette_std": 0.024898
      },
      "2": {
        "mean": 0.382247,
        "std": 0.140393,
        "silhouette_mean": 0.181364,
        "silhouette_std": 0.02398
      },
      "3": {
        "mean": 0.39166,
        "std": 0.142541,
        "silhouette_mean": 0.184099,
        "silhouette_std": 0.026606
      },
      "4": {
        "mean": 0.399721,
        "std": 0.147586,
        "silhouette_mean": 0.184329,
        "silhouette_std": 0.02866
      },
      "5": {
        "mean": 0.409306,
        "std": 0.155202,
        "silhouette_mean": 0.183579,
        "silhouette_std": 0.028963
      },
      "6": {
        "mean": 0.423002,
        "std": 0.160686,
        "silhouette_mean": 0.190818,
        "silhouette_std": 0.031637
      },
      "7": {
        "mean": 0.438217,
        "std": 0.153632,
        "silhouette_mean": 0.213908,
        "silhouette_std": 0.033867
      },
      "8": {
        "mean": 0.488727,
        "std": 0.13995,
        "silhouette_mean": 0.277223,
        "silhouette_std": 0.038986
      }
    }
  },
  "mnemonic": {
    "CLIP": {
      "similarity": {
        "1": {
          "mean": 0.783081,
          "std": 0.045866
        },
        "2": {
          "mean": 0.788991,
          "std": 0.047875
        },
        "3": {
          "mean": 0.795588,
          "std": 0.049374
        },
        "4": {
          "mean": 0.811138,
          "std": 0.051973
        },
        "5": {
          "mean": 0.837649,
          "std": 0.053777
        },
        "6": {
          "mean": 0.884833,
          "std": 0.050944
        },
        "7": {
          "mean": 0.939436,
          "std": 0.033201
        },
        "8": {
          "mean": 0.981416,
          "std": 0.011947
        }
      },
      "retrieval": {
        "1": {
          "mean": 0.376923,
          "std": 0.014391
        },
        "2": {
          "mean": 0.423077,
          "std": 0.020593
        },
        "3": {
          "mean": 0.485897,
          "std": 0.014505
        },
        "4": {
          "mean": 0.582051,
          "std": 0.017857
        },
        "5": {
          "mean": 0.724359,
          "std": 0.006537
        },
        "6": {
          "mean": 0.925641,
          "std": 0.006537
        },
        "7": {
          "mean": 0.994872,
          "std": 0.001813
        },
        "8": {
          "mean": 1.0,
          "std": 0.0
        }
      }
    },
    "MAE": {
      "similarity": {
        "1": {
          "mean": 0.963144,
          "std": 0.010278
        },
        "2": {
          "mean": 0.969156,
          "std": 0.009672
        },
        "3": {
          "mean": 0.976156,
          "std": 0.008021
        },
        "4": {
          "mean": 0.982636,
          "std": 0.006208
        },
        "5": {
          "mean": 0.987987,
          "std": 0.004925
        },
        "6": {
          "mean": 0.992629,
          "std": 0.003525
        },
        "7": {
          "mean": 0.99616,
          "std": 0.002432
        },
        "8": {
          "mean": 1.0,
          "std": 0.0
        }
      },