{
  "gestalt": {
    "NEPA": {
      "1": {
        "mean": 0.245886,
        "std": 0.077881,
        "silhouette_mean": 0.308881,
        "silhouette_std": 0.050347
      },
      "2": {
        "mean": 0.258052,
        "std": 0.087047,
        "silhouette_mean": 0.340093,
        "silhouette_std": 0.102787
      },
      "3": {
        "mean": 0.26682,
        "std": 0.051722,
        "silhouette_mean": 0.392159,
        "silhouette_std": 0.089194
      },
      "4": {
        "mean": 0.27096,
        "std": 0.065247,
        "silhouette_mean": 0.401143,
        "silhouette_std": 0.120147
      },
      "5": {
        "mean": 0.317805,
        "std": 0.060753,
        "silhouette_mean": 0.444659,
        "silhouette_std": 0.070741
      },
      "6": {
        "mean": 0.358062,
        "std": 0.077128,
        "silhouette_mean": 0.427586,
        "silhouette_std": 0.043364
      },
      "7": {
        "mean": 0.448825,
        "std": 0.077679,
        "silhouette_mean": 0.50128,
        "silhouette_std": 0.039434
      },
      "8": {
        "mean": 0.51634,
        "std": 0.1515,
        "silhouette_mean": 0.519424,
        "silhouette_std": 0.033848
      }
    }
  },
  "mnemonic": {
    "NEPA": {
      "similarity": {
        "1": {
          "mean": 0.987596,
          "std": 0.016073
        },
        "2": {
          "mean": 0.988105,
          "std": 0.015938
        },
        "3": {
          "mean": 0.989539,
          "std": 0.01419
        },
        "4": {
          "mean": 0.990323,
          "std": 0.013101
        },
        "5": {
          "mean": 0.991853,
          "std": 0.011403
        },
        "6": {
          "mean": 0.993553,
          "std": 0.009256
        },
        "7": {
          "mean": 0.996105,
          "std": 0.005633
        },
        "8": {
          "mean": 0.99898,
          "std": 0.001223
        }
      },
      "retrieval": {
        "1": {
          "mean": 0.2,
          "std": 0.0
        },
        "2": {
          "mean": 0.2,
          "std": 0.0
        },
        "3": {
          "mean": 0.2,
          "std": 0.0
        },
        "4": {
          "mean": 0.2,
          "std": 0.0
        },
        "5": {
          "mean": 0.2,
          "std": 0.0
        },
        "6": {
          "mean": 0.2,
          "std": 0.0
        },
        "7": {
          "mean": 0.2,
          "std": 0.0
        },
        "8": {
          "mean": 0.4,
          "std": 0.0
        }
      }
    }
  },
  "semantic": {
    "NEPA": {
      "prototype_acc": {
        "1": {
          "mean": 0.6,
          "std": 0.0
        },
        "2": {
          "mean": 0.6,
          "std": 0.0
        },
        "3": {
          "mean": 0.6,
          "std": 0.0
        },
        "4": {
          "mean": 0.6,
          "std": 0.0
        },
        "5": {
          "mean": 0.6,
          "std": 0.0
        },
        "6": {
          "mean": 0.6,
          "std": 0.0
        },
        "7": {
          "mean": 0.6,
          "std": 0.0
        },
        "8": {
          "mean": 0.8,
          "std": 0.0
        }
      }
    }
  }
}