{
  "gestalt": {
    "original": {
      "1": {
        "mean": 0.559853,
        "std": 0.20027,
        "silhouette_mean": 0.186888,
        "silhouette_std": 0.020873
      },
      "2": {
        "mean": 0.590797,
        "std": 0.201159,
        "silhouette_mean": 0.190018,
        "silhouette_std": 0.023193
      },
      "3": {
        "mean": 0.617744,
        "std": 0.201923,
        "silhouette_mean": 0.193986,
        "silhouette_std": 0.024335
      },
      "4": {
        "mean": 0.639685,
        "std": 0.19933,
        "silhouette_mean": 0.197584,
        "silhouette_std": 0.024675
      },
      "5": {
        "mean": 0.654662,
        "std": 0.199103,
        "silhouette_mean": 0.200071,
        "silhouette_std": 0.025079
      },
      "6": {
        "mean": 0.667685,
        "std": 0.196715,
        "silhouette_mean": 0.203451,
        "silhouette_std": 0.025478
      },
      "7": {
        "mean": 0.677157,
        "std": 0.193865,
        "silhouette_mean": 0.208675,
        "silhouette_std": 0.026867
      },
      "8": {
        "mean": 0.688192,
        "std": 0.185306,
        "silhouette_mean": 0.21991,
        "silhouette_std": 0.028378
      }
    },
    "gray": {
      "1": {
        "mean": 0.552567,
        "std": 0.202109,
        "silhouette_mean": 0.188943,
        "silhouette_std": 0.021404
      },
      "2": {
        "mean": 0.581372,
        "std": 0.204445,
        "silhouette_mean": 0.191847,
        "silhouette_std": 0.023618
      },
      "3": {
        "mean": 0.612763,
        "std": 0.205414,
        "silhouette_mean": 0.196249,
        "silhouette_std": 0.024867
      },
      "4": {
        "mean": 0.639165,
        "std": 0.20466,
        "silhouette_mean": 0.200617,
        "silhouette_std": 0.025708
      },
      "5": {
        "mean": 0.660598,
        "std": 0.20079,
        "silhouette_mean": 0.203773,
        "silhouette_std": 0.026173
      },
      "6": {
        "mean": 0.673253,
        "std": 0.19908,
        "silhouette_mean": 0.205967,
        "silhouette_std": 0.02662
      },
      "7": {
        "mean": 0.679394,
        "std": 0.196023,
        "silhouette_mean": 0.208859,
        "silhouette_std": 0.027359
      },
      "8": {
        "mean": 0.685585,
        "std": 0.186211,
        "silhouette_mean": 0.217234,
        "silhouette_std": 0.028524
      }
    },
    "lined": {
      "1": {
        "mean": 0.5725,
        "std": 0.209182,
        "silhouette_mean": 0.188787,
        "silhouette_std": 0.023029
      },
      "2": {
        "mean": 0.597278,
        "std": 0.208569,
        "silhouette_mean": 0.194038,
        "silhouette_std": 0.02494
      },
      "3": {
        "mean": 0.619982,
        "std": 0.202193,
        "silhouette_mean": 0.199634,
        "silhouette_std": 0.025311
      },
      "4": {
        "mean": 0.633648,
        "std": 0.196768,
        "silhouette_mean": 0.204208,
        "silhouette_std": 0.025448
      },
      "5": {
        "mean": 0.644004,
        "std": 0.190025,
        "silhouette_mean": 0.208506,
        "silhouette_std": 0.026225
      },
      "6": {
        "mean": 0.651936,
        "std": 0.184342,
        "silhouette_mean": 0.212839,
        "silhouette_std": 0.027031
      },
      "7": {
        "mean": 0.654673,
        "std": 0.179236,
        "silhouette_mean": 0.217522,
        "silhouette_std": 0.028264
      },
      "8": {
        "mean": 0.656633,
        "std": 0.170137,
        "silhouette_mean": 0.224743,
        "silhouette_std": 0.029396
      }
    }
  },
  "mnemonic": {
    "original": {
      "similarity": {
        "1": {
          "mean": 0.216485,
          "std": 0.1165
        },
        "2": {
          "mean": 0.286967,
          "std": 0.144762
        },
        "3": {
          "mean": 0.387369,
          "std": 0.166532
        },
        "4": {
          "mean": 0.521817,
          "std": 0.166058
        },
        "5": {
          "mean": 0.670814,
          "std": 0.136689
        },
        "6": {
          "mean": 0.80401,
          "std": 0.090455
        },
        "7": {
          "mean": 0.902092,
          "std": 0.049455
        },
        "8": {
          "mean": 0.985741,
          "std": 0.012274
        }
      },
      "retrieval": {
        "1": {
          "mean": 0.601282,
          "std": 0.03876
        },
        "2": {
          "mean": 0.732051,
          "std": 0.014841
        },
        "3": {
          "mean": 0.862821,
          "std": 0.02091
        },
        "4": {
          "mean": 0.958974,
          "std": 0.007903
        },
        "5": {
          "mean": 0.997436,
          "std": 0.001813
        },
        "6": {
          "mean": 0.998718,
          "std": 0.001813
        },
        "7": {
          "mean": 1.0,
          "std": 0.0
        },
        "8": {
          "mean": 1.0,
          "std": 0.0
        }
      }
    },
    "gray": {
      "similarity": {
        "1": {
          "mean": 0.17229,
          "std": 0.104506
        },
        "2": {
          "mean": 0.219091,
          "std": 0.12737
        },
        "3": {
          "mean": 0.290968,
          "std": 0.153325
        },
        "4": {
          "mean": 0.4036,
          "std": 0.173788
        },
        "5": {
          "mean": 0.564261,
          "std": 0.168922
        },
        "6": {
          "mean": 0.737024,
          "std": 0.128295
        },
        "7": {
          "mean": 0.872811,
          "std": 0.071681
        },
        "8": {
          "mean": 0.983313,
          "std": 0.013918
        }
      },
      "retrieval": {
        "1": {
          "mean": 0.502564,
          "std": 0.037466
        },
        "2": {
          "mean": 0.597436,
          "std": 0.02357
        },
        "3": {
          "mean": 0.734615,
          "std": 0.033968
        },
        "4": {
          "mean": 0.889744,
          "std": 0.019944
        },
        "5": {
          "mean": 0.975641,
          "std": 0.003626
        },
        "6": {
          "mean": 0.997436,
          "std": 0.001813
        },
        "7": {
          "mean": 1.0,
          "std": 0.0
        },
        "8": {
          "mean": 1.0,
          "std": 0.0
        }
      }
    },
    "lined": {
      "similarity": {
        "1": {
          "mean": 0.199615,
          "std": 0.092863
        },
        "2": {
          "mean": 0.225121,
          "std": 0.104985
        },
        "3": {
          "mean": 0.259517,
          "std": 0.114921
        },
        "4": {
          "mean": 0.31977,
          "std": 0.13598
        },
        "5": {
          "mean": 0.434356,
          "std": 0.15658
        },
        "6": {
          "mean": 0.630467,
          "std": 0.142212
        },
        "7": {
          "mean": 0.830128,
          "std": 0.082549
        },
        "8": {
          "mean": 0.943967,
          "std": 0.036605
        }
      },
      "retrieval": {
        "1": {
          "mean": 0.328205,
          "std": 0.02357
        },
        "2": {
          "mean": 0.376923,
          "std": 0.015702
        },
        "3": {
          "mean": 0.464103,
          "std": 0.017296
        },
        "4": {
          "mean": 0.6,
          "std": 0.009421
        },
        "5": {
          "mean": 0.805128,
          "std": 0.009065
        },
        "6": {
          "mean": 0.971795,
          "std": 0.004797
        },
        "7": {
          "mean": 1.0,
          "std": 0.0
        },
        "8": {
          "mean": 1.0,
          "std": 0.0
        }
      }
    }
  },
  "semantic": {
    "original": {
      "prototype_acc": {
        "1": {
          "mean": 0.426923,
          "std": 0.0
        },
        "2": {
          "mean": 0.503846,
          "std": 0.0
        },
        "3": {
          "mean": 0.642308,
          "std": 0.0
        },
        "4": {
          "mean": 0.792308,
          "std": 0.0
        },
        "5": {
          "mean": 0.876923,