{
  "original": {
    "mnemonic_target": {
      "1": {
        "mean": 0.21330517530441284,
        "std": 0.11115279048681259
      },
      "2": {
        "mean": 0.2857312262058258,
        "std": 0.14536774158477783
      },
      "3": {
        "mean": 0.3891538381576538,
        "std": 0.17117618024349213
      },
      "4": {
        "mean": 0.5184952020645142,
        "std": 0.16671432554721832
      },
      "5": {
        "mean": 0.6711983680725098,
        "std": 0.1350894570350647
      },
      "6": {
        "mean": 0.8026179671287537,
        "std": 0.09371402114629745
      },
      "7": {
        "mean": 0.9045171737670898,
        "std": 0.044221214950084686
      },
      "8": {
        "mean": 0.9857414960861206,
        "std": 0.012289469130337238
      }
    },
    "mnemonic_all": {
      "1": {
        "mean": 0.10770266503095627,
        "std": 0.027258511632680893
      },
      "2": {
        "mean": 0.11541474610567093,
        "std": 0.026035353541374207
      },
      "3": {
        "mean": 0.11924965679645538,
        "std": 0.026066308841109276
      },
      "4": {
        "mean": 0.11956217885017395,
        "std": 0.02531125769019127
      },
      "5": {
        "mean": 0.11596698313951492,
        "std": 0.025217344984412193
      },
      "6": {
        "mean": 0.11249198764562607,
        "std": 0.02497900277376175
      },
      "7": {
        "mean": 0.10992448031902313,
        "std": 0.023943202570080757
      },
      "8": {
        "mean": 0.1088184043765068,
        "std": 0.02406173385679722
      }
    },
    "semantic_same_cat": {
      "1": {
        "mean": 0.29446468367599526,
        "std": 0.09495389493545371
      },
      "2": {
        "mean": 0.3347952951032382,
        "std": 0.09635517087756033
      },
      "3": {
        "mean": 0.366556720664868,
        "std": 0.09757526050773498
      },
      "4": {
        "mean": 0.39683688598183486,
        "std": 0.09786190107344638
      },
      "5": {
        "mean": 0.41594170681559123,
        "std": 0.0977251913609828
      },
      "6": {
        "mean": 0.4238489343569829,
        "std": 0.10252680876412737
      },
      "7": {
        "mean": 0.42726295573207046,
        "std": 0.10625872386586599
      },
      "8": {
        "mean": 0.43023254888562057,
        "std": 0.10956739916467315
      }
    },
    "semantic_all_cat": {
      "1": {
        "mean": 0.23899734020233154,
        "std": 0.060811642557382584
      },
      "2": {
        "mean": 0.2560001611709595,
        "std": 0.05820723623037338
      },
      "3": {
        "mean": 0.2644001543521881,
        "std": 0.058227598667144775
      },
      "4": {
        "mean": 0.26475003361701965,
        "std": 0.057584237307310104
      },
      "5": {
        "mean": 0.2561604380607605,
        "std": 0.05774970352649689
      },
      "6": {
        "mean": 0.2485397309064865,
        "std": 0.05715420842170715
      },
      "7": {
        "mean": 0.2430933713912964,
        "std": 0.05507883429527283
      },
      "8": {
        "mean": 0.24021650850772858,
        "std": 0.05556710809469223
      }
    }
  },
  "gray": {
    "mnemonic_target": {
      "1": {
        "mean": 0.17034529149532318,
        "std": 0.10070518404245377
      },
      "2": {
        "mean": 0.21891549229621887,
        "std": 0.12615841627120972
      },
      "3": {
        "mean": 0.2943168878555298,
        "std": 0.15792424976825714
      },
      "4": {
        "mean": 0.402107834815979,
        "std": 0.17161127924919128
      },
      "5": {
        "mean": 0.5678372979164124,
        "std": 0.17014160752296448
      },
      "6": {
        "mean": 0.737098753452301,
        "std": 0.132040336728096
      },
      "7": {
        "mean": 0.8735076785087585,
        "std": 0.07531873881816864
      },
      "8": {
        "mean": 0.983312726020813,
        "std": 0.013936384581029415
      }
    },
    "mnemonic_all": {
      "1": {
        "mean": 0.09656208753585815,
        "std": 0.0248548723757267
      },
      "2": {
        "mean": 0.10346619784832001,
        "std": 0.025172613561153412
      },
      "3": {
        "mean": 0.1094140112400055,
        "std": 0.025609668344259262
      },
      "4": {
        "mean": 0.11279314756393433,
        "std": 0.025787772610783577
      },
      "5": {
        "mean": 0.11189232766628265,
        "std": 0.025318872183561325
      },
      "6": {
        "mean": 0.1095278263092041,
        "std": 0.025274407118558884
      },
      "7": {
        "mean": 0.10736234486103058,
        "std": 0.024205269291996956
      },
      "8": {
        "mean": 0.10669329762458801,
        "std": 0.02423582412302494
      }
    },
    "semantic_same_cat": {
      "1": {
        "mean": 0.25910051586822824,
        "std": 0.09492389325976291
      },
      "2": {
        "mean": 0.29177294955230676,
        "std": 0.09858449020689405
      },
      "3": {
        "mean": 0.3251115978337251,
        "std": 0.10249693911795554
      },
      "4": {
        "mean": 0.3602541063267451,
        "std": 0.1026524315581841
      },
      "5": {
        "mean": 0.39094543308019636,
        "std": 0.09936716889406462
      },
      "6": {
        "mean": 0.41233452575711105,
        "std": 0.1004668476100349
      },
      "7": {
        "mean": 0.42305925992818977,
        "std": 0.10684157038147754
      },
      "8": {
        "mean": 0.42999029858754234,
        "std": 0.11177409782888562
      }
    },
    "semantic_all_cat": {
      "1": {
        "mean": 0.21635061502456665,
        "std": 0.05598437786102295
      },
      "2": {
        "mean": 0.23189912736415863,
        "std": 0.056722745299339294
      },
      "3": {
        "mean": 0.24502652883529663,
        "std": 0.057462241500616074
      },
      "4": {
        "mean": 0.25172778964042664,
        "std": 0.05850108712911606
      },
      "5": {
        "mean": 0.2485017627477646,
        "std": 0.05808701366186142
      },
      "6": {
        "mean": 0.2426428347826004,
        "std": 0.058087315410375595
      },
      "7": {
        "mean": 0.23777084052562714,
        "std": 0.055978287011384964
      },
      "8": {
        "mean": 0.23567204177379608,
        "std": 0.05644766241312027
      }
    }
  },
  "lined": {
    "mnemonic_target": {
      "1": {
        "mean": 0.19905683398246765,
        "std": 0.09129568189382553
      },
      "2": {
        "mean": 0.22325874865055084,
        "std": 0.10114134103059769
      },
      "3": {
        "mean": 0.26310282945632935,
        "std": 0.11289024353027344
      },
      "4": {
        "mean": 0.32457679510116577,
        "std": 0.1322639137506485
      },
      "5": {
        "mean": 0.4399561882019043,
        "std": 0.1532353311777115
      },
      "6": {
        "mean": 0.6330081820487976,
        "std": 0.14237383008003235
      },
      "7": {
        "mean": 0.8300583958625793,
        "std": 0.08574647456407547
      },
      "8": {
        "mean": 0.943966805934906,
        "std": 0.036651860922575
      }
    },
    "mnemonic_all": {
      "1": {
        "mean": 0.1604408323764801,
        "std": 0.01915818080306053
      },
      "2": {
        "mean": 0.17020779848098755,
        "std": 0.017888812348246574
      },
      "3": {
        "mean": 0.18057474493980408,
        "std": 0.01843070425093174
      },
      "4": {
        "mean": 0.1889188289642334,
        "std": 0.018755586817860603
      },
      "5": {
        "mean": 0.18921144306659698,
        "std": 0.0209854394197464
      },
      "6": {
        "mean": 0.17861932516098022,
        "std": 0.027130048722028732
      },
      "7": {
        "mean": 0.16330882906913757,
        "std": 0.03055470809340477
      },
      "8": {
        "mean": 0.15262451767921448,
        "std": 0.030775373801589012
      }
    },
    "semantic_same_cat": {
      "1": {
        "mean": 0.34935707363944785,
        "std": 0.0782306156911085
      },