{
  "gestalt": {
    "original": {
      "1": {
        "mean": 0.372645,
        "std": 0.137634,
        "silhouette_mean": 0.180177,
        "silhouette_std": 0.024276
      },
      "2": {
        "mean": 0.380736,
        "std": 0.137397,
        "silhouette_mean": 0.181673,
        "silhouette_std": 0.024367
      },
      "3": {
        "mean": 0.391309,
        "std": 0.140572,
        "silhouette_mean": 0.183672,
        "silhouette_std": 0.026278
      },
      "4": {
        "mean": 0.400971,
        "std": 0.146393,
        "silhouette_mean": 0.184037,
        "silhouette_std": 0.027553
      },
      "5": {
        "mean": 0.410271,
        "std": 0.153259,
        "silhouette_mean": 0.183973,
        "silhouette_std": 0.02936
      },
      "6": {
        "mean": 0.42484,
        "std": 0.160016,
        "silhouette_mean": 0.189867,
        "silhouette_std": 0.031475
      },
      "7": {
        "mean": 0.44007,
        "std": 0.153388,
        "silhouette_mean": 0.212629,
        "silhouette_std": 0.034247
      },
      "8": {
        "mean": 0.488727,
        "std": 0.13995,
        "silhouette_mean": 0.277223,
        "silhouette_std": 0.038986
      }
    },
    "gray": {
      "1": {
        "mean": 0.377806,
        "std": 0.138601,
        "silhouette_mean": 0.186409,
        "silhouette_std": 0.022817
      },
      "2": {
        "mean": 0.383925,
        "std": 0.135568,
        "silhouette_mean": 0.188363,
        "silhouette_std": 0.024675
      },
      "3": {
        "mean": 0.391492,
        "std": 0.136907,
        "silhouette_mean": 0.190066,
        "silhouette_std": 0.025164
      },
      "4": {
        "mean": 0.393339,
        "std": 0.138296,
        "silhouette_mean": 0.189281,
        "silhouette_std": 0.02652
      },
      "5": {
        "mean": 0.399767,
        "std": 0.148746,
        "silhouette_mean": 0.186857,
        "silhouette_std": 0.02706
      },
      "6": {
        "mean": 0.420063,
        "std": 0.158295,
        "silhouette_mean": 0.188677,
        "silhouette_std": 0.030891
      },
      "7": {
        "mean": 0.433158,
        "std": 0.15194,
        "silhouette_mean": 0.206635,
        "silhouette_std": 0.031684
      },
      "8": {
        "mean": 0.485561,
        "std": 0.14287,
        "silhouette_mean": 0.269246,
        "silhouette_std": 0.037463
      }
    },
    "lined": {
      "1": {
        "mean": 0.381565,
        "std": 0.134005,
        "silhouette_mean": 0.184134,
        "silhouette_std": 0.020338
      },
      "2": {
        "mean": 0.391861,
        "std": 0.132978,
        "silhouette_mean": 0.188409,
        "silhouette_std": 0.022722
      },
      "3": {
        "mean": 0.403097,
        "std": 0.133964,
        "silhouette_mean": 0.19035,
        "silhouette_std": 0.023759
      },
      "4": {
        "mean": 0.413752,
        "std": 0.139666,
        "silhouette_mean": 0.192914,
        "silhouette_std": 0.024071
      },
      "5": {
        "mean": 0.423321,
        "std": 0.144489,
        "silhouette_mean": 0.19235,
        "silhouette_std": 0.024291
      },
      "6": {
        "mean": 0.433341,
        "std": 0.148554,
        "silhouette_mean": 0.196962,
        "silhouette_std": 0.026537
      },
      "7": {
        "mean": 0.442055,
        "std": 0.146745,
        "silhouette_mean": 0.20544,
        "silhouette_std": 0.028354
      },
      "8": {
        "mean": 0.461137,
        "std": 0.130114,
        "silhouette_mean": 0.238528,
        "silhouette_std": 0.034373
      }
    }
  },
  "mnemonic": {
    "original": {
      "similarity": {
        "1": {
          "mean": 0.12664,
          "std": 0.085846
        },
        "2": {
          "mean": 0.15431,
          "std": 0.096745
        },
        "3": {
          "mean": 0.193851,
          "std": 0.104446
        },
        "4": {
          "mean": 0.257819,
          "std": 0.120715
        },
        "5": {
          "mean": 0.356854,
          "std": 0.134774
        },
        "6": {
          "mean": 0.521062,
          "std": 0.141061
        },
        "7": {
          "mean": 0.732955,
          "std": 0.108963
        },
        "8": {
          "mean": 0.96123,
          "std": 0.02688
        }
      },
      "retrieval": {
        "1": {
          "mean": 0.451282,
          "std": 0.012692
        },
        "2": {
          "mean": 0.512821,
          "std": 0.014841
        },
        "3": {
          "mean": 0.633333,
          "std": 0.018401
        },
        "4": {
          "mean": 0.783333,
          "std": 0.006537
        },
        "5": {
          "mean": 0.920513,
          "std": 0.022718
        },
        "6": {
          "mean": 0.991026,
          "std": 0.003626
        },
        "7": {
          "mean": 1.0,
          "std": 0.0
        },
        "8": {
          "mean": 1.0,
          "std": 0.0
        }
      }
    },
    "gray": {
      "similarity": {
        "1": {
          "mean": 0.146177,
          "std": 0.092037
        },
        "2": {
          "mean": 0.165009,
          "std": 0.099203
        },
        "3": {
          "mean": 0.195303,
          "std": 0.10641
        },
        "4": {
          "mean": 0.249877,
          "std": 0.119951
        },
        "5": {
          "mean": 0.343976,
          "std": 0.134922
        },
        "6": {
          "mean": 0.50775,
          "std": 0.139817
        },
        "7": {
          "mean": 0.723414,
          "std": 0.110436
        },
        "8": {
          "mean": 0.955939,
          "std": 0.030139
        }
      },
      "retrieval": {
        "1": {
          "mean": 0.315385,
          "std": 0.008309
        },
        "2": {
          "mean": 0.378205,
          "std": 0.007903
        },
        "3": {
          "mean": 0.483333,
          "std": 0.007252
        },
        "4": {
          "mean": 0.587179,
          "std": 0.006537
        },
        "5": {
          "mean": 0.802564,
          "std": 0.017857
        },
        "6": {
          "mean": 0.971795,
          "std": 0.006537
        },
        "7": {
          "mean": 1.0,
          "std": 0.0
        },
        "8": {
          "mean": 1.0,
          "std": 0.0
        }
      }
    },
    "lined": {
      "similarity": {
        "1": {
          "mean": 0.203116,
          "std": 0.09314
        },
        "2": {
          "mean": 0.225929,
          "std": 0.099213
        },
        "3": {
          "mean": 0.25622,
          "std": 0.10275
        },
        "4": {
          "mean": 0.302592,
          "std": 0.109415
        },
        "5": {
          "mean": 0.377898,
          "std": 0.116325
        },
        "6": {
          "mean": 0.514598,
          "std": 0.118181
        },
        "7": {
          "mean": 0.704512,
          "std": 0.098517
        },
        "8": {
          "mean": 0.927915,
          "std": 0.037379
        }
      },
      "retrieval": {
        "1": {
          "mean": 0.320513,
          "std": 0.013074
        },
        "2": {
          "mean": 0.378205,
          "std": 0.018131
        },
        "3": {
          "mean": 0.451282,
          "std": 0.007903
        },
        "4": {
          "mean": 0.564103,
          "std": 0.02019
        },
        "5": {
          "mean": 0.744872,
          "std": 0.001813
        },
        "6": {
          "mean": 0.914103,
          "std": 0.004797
        },
        "7": {
          "mean": 0.99359,
          "std": 0.003626
        },
        "8": {
          "mean": 1.0,
          "std": 0.0
        }
      }
    }
  },
  "semantic": {
    "original": {
      "prototype_acc": {
        "1": {
          "mean": 0.346154,
          "std": 0.0
        },
        "2": {
          "mean": 0.388462,
          "std": 0.0
        },
        "3": {
          "mean": 0.442308,
          "std": 0.0
        },
        "4": {
          "mean": 0.488462,
          "std": 0.0
        },
        "5": {
          "mean": 0.576923,