{
  "gestalt": {
    "original": {
      "1": {
        "mean": 0.374271,
        "std": 0.13897,
        "silhouette_mean": 0.179698,
        "silhouette_std": 0.024898
      },
      "2": {
        "mean": 0.382247,
        "std": 0.140393,
        "silhouette_mean": 0.181364,
        "silhouette_std": 0.02398
      },
      "3": {
        "mean": 0.39166,
        "std": 0.142541,
        "silhouette_mean": 0.184099,
        "silhouette_std": 0.026606
      },
      "4": {
        "mean": 0.399721,
        "std": 0.147586,
        "silhouette_mean": 0.184329,
        "silhouette_std": 0.02866
      },
      "5": {
        "mean": 0.409306,
        "std": 0.155202,
        "silhouette_mean": 0.183579,
        "silhouette_std": 0.028963
      },
      "6": {
        "mean": 0.423002,
        "std": 0.160686,
        "silhouette_mean": 0.190818,
        "silhouette_std": 0.031637
      },
      "7": {
        "mean": 0.438217,
        "std": 0.153632,
        "silhouette_mean": 0.213908,
        "silhouette_std": 0.033867
      },
      "8": {
        "mean": 0.488727,
        "std": 0.13995,
        "silhouette_mean": 0.277223,
        "silhouette_std": 0.038986
      }
    },
    "gray": {
      "1": {
        "mean": 0.380182,
        "std": 0.141032,
        "silhouette_mean": 0.187062,
        "silhouette_std": 0.023081
      },
      "2": {
        "mean": 0.383338,
        "std": 0.137898,
        "silhouette_mean": 0.186858,
        "silhouette_std": 0.024519
      },
      "3": {
        "mean": 0.394337,
        "std": 0.140113,
        "silhouette_mean": 0.190724,
        "silhouette_std": 0.025241
      },
      "4": {
        "mean": 0.393408,
        "std": 0.14193,
        "silhouette_mean": 0.189642,
        "silhouette_std": 0.025644
      },
      "5": {
        "mean": 0.40244,
        "std": 0.15164,
        "silhouette_mean": 0.188081,
        "silhouette_std": 0.026044
      },
      "6": {
        "mean": 0.419135,
        "std": 0.158985,
        "silhouette_mean": 0.189748,
        "silhouette_std": 0.032062
      },
      "7": {
        "mean": 0.43572,
        "std": 0.152052,
        "silhouette_mean": 0.207668,
        "silhouette_std": 0.031428
      },
      "8": {
        "mean": 0.485561,
        "std": 0.14287,
        "silhouette_mean": 0.269246,
        "silhouette_std": 0.037463
      }
    },
    "lined": {
      "1": {
        "mean": 0.381884,
        "std": 0.132694,
        "silhouette_mean": 0.183375,
        "silhouette_std": 0.019498
      },
      "2": {
        "mean": 0.389029,
        "std": 0.132457,
        "silhouette_mean": 0.186774,
        "silhouette_std": 0.021608
      },
      "3": {
        "mean": 0.400435,
        "std": 0.134614,
        "silhouette_mean": 0.189464,
        "silhouette_std": 0.023496
      },
      "4": {
        "mean": 0.413522,
        "std": 0.141737,
        "silhouette_mean": 0.192634,
        "silhouette_std": 0.024302
      },
      "5": {
        "mean": 0.423208,
        "std": 0.144344,
        "silhouette_mean": 0.192283,
        "silhouette_std": 0.024035
      },
      "6": {
        "mean": 0.432569,
        "std": 0.148158,
        "silhouette_mean": 0.197759,
        "silhouette_std": 0.026856
      },
      "7": {
        "mean": 0.443287,
        "std": 0.1438,
        "silhouette_mean": 0.206927,
        "silhouette_std": 0.02861
      },
      "8": {
        "mean": 0.461137,
        "std": 0.130114,
        "silhouette_mean": 0.238528,
        "silhouette_std": 0.034373
      }
    }
  },
  "mnemonic": {
    "original": {
      "similarity": {
        "1": {
          "mean": 0.129574,
          "std": 0.08681
        },
        "2": {
          "mean": 0.156724,
          "std": 0.098132
        },
        "3": {
          "mean": 0.19827,
          "std": 0.105862
        },
        "4": {
          "mean": 0.261177,
          "std": 0.119733
        },
        "5": {
          "mean": 0.361692,
          "std": 0.134601
        },
        "6": {
          "mean": 0.521184,
          "std": 0.140852
        },
        "7": {
          "mean": 0.736832,
          "std": 0.105164
        },
        "8": {
          "mean": 0.96123,
          "std": 0.026915
        }
      },
      "retrieval": {
        "1": {
          "mean": 0.439744,
          "std": 0.009594
        },
        "2": {
          "mean": 0.515385,
          "std": 0.011323
        },
        "3": {
          "mean": 0.655128,
          "std": 0.010095
        },
        "4": {
          "mean": 0.789744,
          "std": 0.012692
        },
        "5": {
          "mean": 0.920513,
          "std": 0.011029
        },
        "6": {
          "mean": 0.992308,
          "std": 0.00314
        },
        "7": {
          "mean": 1.0,
          "std": 0.0
        },
        "8": {
          "mean": 1.0,
          "std": 0.0
        }
      }
    },
    "gray": {
      "similarity": {
        "1": {
          "mean": 0.147633,
          "std": 0.091558
        },
        "2": {
          "mean": 0.16799,
          "std": 0.096865
        },
        "3": {
          "mean": 0.199064,
          "std": 0.106437
        },
        "4": {
          "mean": 0.254019,
          "std": 0.11898
        },
        "5": {
          "mean": 0.348207,
          "std": 0.132746
        },
        "6": {
          "mean": 0.506811,
          "std": 0.137282
        },
        "7": {
          "mean": 0.724359,
          "std": 0.10802
        },
        "8": {
          "mean": 0.955939,
          "std": 0.030178
        }
      },
      "retrieval": {
        "1": {
          "mean": 0.302564,
          "std": 0.007252
        },
        "2": {
          "mean": 0.387179,
          "std": 0.026709
        },
        "3": {
          "mean": 0.476923,
          "std": 0.027912
        },
        "4": {
          "mean": 0.623077,
          "std": 0.025705
        },
        "5": {
          "mean": 0.820513,
          "std": 0.011889
        },
        "6": {
          "mean": 0.966667,
          "std": 0.006537
        },
        "7": {
          "mean": 1.0,
          "std": 0.0
        },
        "8": {
          "mean": 1.0,
          "std": 0.0
        }
      }
    },
    "lined": {
      "similarity": {
        "1": {
          "mean": 0.20077,
          "std": 0.092826
        },
        "2": {
          "mean": 0.226931,
          "std": 0.101964
        },
        "3": {
          "mean": 0.259357,
          "std": 0.104038
        },
        "4": {
          "mean": 0.305723,
          "std": 0.112597
        },
        "5": {
          "mean": 0.38246,
          "std": 0.11902
        },
        "6": {
          "mean": 0.517332,
          "std": 0.115629
        },
        "7": {
          "mean": 0.705984,
          "std": 0.098504
        },
        "8": {
          "mean": 0.927915,
          "std": 0.037427
        }
      },
      "retrieval": {
        "1": {
          "mean": 0.323077,
          "std": 0.013689
        },
        "2": {
          "mean": 0.382051,
          "std": 0.011889
        },
        "3": {
          "mean": 0.474359,
          "std": 0.011029
        },
        "4": {
          "mean": 0.584615,
          "std": 0.031404
        },
        "5": {
          "mean": 0.758974,
          "std": 0.011029
        },
        "6": {
          "mean": 0.928205,
          "std": 0.009594
        },
        "7": {
          "mean": 0.992308,
          "std": 0.00314
        },
        "8": {
          "mean": 1.0,
          "std": 0.0
        }
      }
    }
  },
  "semantic": {
    "original": {
      "prototype_acc": {
        "1": {
          "mean": 0.371795,
          "std": 0.011029
        },
        "2": {
          "mean": 0.39359,
          "std": 0.006537
        },
        "3": {
          "mean": 0.429487,
          "std": 0.013074
        },
        "4": {
          "mean": 0.517949,
          "std": 0.006537
        },