{
  "original": {
    "mnemonic_target": {
      "1": {
        "mean": 0.1295744776725769,
        "std": 0.08681018650531769
      },
      "2": {
        "mean": 0.156724214553833,
        "std": 0.09813158214092255
      },
      "3": {
        "mean": 0.1982697993516922,
        "std": 0.10586171597242355
      },
      "4": {
        "mean": 0.26117685437202454,
        "std": 0.11973296105861664
      },
      "5": {
        "mean": 0.36169227957725525,
        "std": 0.13460057973861694
      },
      "6": {
        "mean": 0.5211840867996216,
        "std": 0.14085175096988678
      },
      "7": {
        "mean": 0.7368319630622864,
        "std": 0.10516449064016342
      },
      "8": {
        "mean": 0.9612296223640442,
        "std": 0.02691502869129181
      }
    },
    "mnemonic_all": {
      "1": {
        "mean": 0.0705786645412445,
        "std": 0.015223669819533825
      },
      "2": {
        "mean": 0.07427016645669937,
        "std": 0.01592383161187172
      },
      "3": {
        "mean": 0.0804615467786789,
        "std": 0.017833197489380836
      },
      "4": {
        "mean": 0.08636912703514099,
        "std": 0.018819909542798996
      },
      "5": {
        "mean": 0.09581378102302551,
        "std": 0.021404407918453217
      },
      "6": {
        "mean": 0.10569129884243011,
        "std": 0.021755868569016457
      },
      "7": {
        "mean": 0.11411673575639725,
        "std": 0.023201221600174904
      },
      "8": {
        "mean": 0.11545242369174957,
        "std": 0.024383457377552986
      }
    },
    "semantic_same_cat": {
      "1": {
        "mean": 0.1814527429998494,
        "std": 0.0907381027381454
      },
      "2": {
        "mean": 0.19625615279476802,
        "std": 0.09438513485393066
      },
      "3": {
        "mean": 0.22121760113737904,
        "std": 0.09807105067166348
      },
      "4": {
        "mean": 0.25128693498599414,
        "std": 0.1008838960167895
      },
      "5": {
        "mean": 0.2924794952456768,
        "std": 0.09891730037566367
      },
      "6": {
        "mean": 0.34604744183329433,
        "std": 0.09397779166288821
      },
      "7": {
        "mean": 0.3970955987962393,
        "std": 0.09357650545788594
      },
      "8": {
        "mean": 0.4338082330731245,
        "std": 0.10481971077762434
      }
    },
    "semantic_all_cat": {
      "1": {
        "mean": 0.16096585988998413,
        "std": 0.03263099119067192
      },
      "2": {
        "mean": 0.1681947410106659,
        "std": 0.03416507691144943
      },
      "3": {
        "mean": 0.1812206208705902,
        "std": 0.038453832268714905
      },
      "4": {
        "mean": 0.1936386376619339,
        "std": 0.040646277368068695
      },
      "5": {
        "mean": 0.2124730795621872,
        "std": 0.04656502977013588
      },
      "6": {
        "mean": 0.231314554810524,
        "std": 0.047603994607925415
      },
      "7": {
        "mean": 0.2460712194442749,
        "std": 0.05030369386076927
      },
      "8": {
        "mean": 0.24523940682411194,
        "std": 0.05195353552699089
      }
    }
  },
  "gray": {
    "mnemonic_target": {
      "1": {
        "mean": 0.1476326584815979,
        "std": 0.09155845642089844
      },
      "2": {
        "mean": 0.16798996925354004,
        "std": 0.09686540812253952
      },
      "3": {
        "mean": 0.19906437397003174,
        "std": 0.1064368188381195
      },
      "4": {
        "mean": 0.2540186047554016,
        "std": 0.11898017674684525
      },
      "5": {
        "mean": 0.34820735454559326,
        "std": 0.13274617493152618
      },
      "6": {
        "mean": 0.5068111419677734,
        "std": 0.1372816264629364
      },
      "7": {
        "mean": 0.7243592739105225,
        "std": 0.10801974684000015
      },
      "8": {
        "mean": 0.9559388160705566,
        "std": 0.030177650973200798
      }
    },
    "mnemonic_all": {
      "1": {
        "mean": 0.11447230726480484,
        "std": 0.014681550674140453
      },
      "2": {
        "mean": 0.1171366348862648,
        "std": 0.01680389605462551
      },
      "3": {
        "mean": 0.12211363017559052,
        "std": 0.018696682527661324
      },
      "4": {
        "mean": 0.12862588465213776,
        "std": 0.020797420293092728
      },
      "5": {
        "mean": 0.1369895040988922,
        "std": 0.022596092894673347
      },
      "6": {
        "mean": 0.14560727775096893,
        "std": 0.02434139885008335
      },
      "7": {
        "mean": 0.15081258118152618,
        "std": 0.026578130200505257
      },
      "8": {
        "mean": 0.1459156721830368,
        "std": 0.03028527833521366
      }
    },
    "semantic_same_cat": {
      "1": {
        "mean": 0.2542978057637811,
        "std": 0.10441467063442243
      },
      "2": {
        "mean": 0.2653907973892414,
        "std": 0.1057007200375805
      },
      "3": {
        "mean": 0.28274157382547854,
        "std": 0.11143784823928005
      },
      "4": {
        "mean": 0.3109368171256322,
        "std": 0.10817705766311081
      },
      "5": {
        "mean": 0.34761559762633765,
        "std": 0.10559173464746358
      },
      "6": {
        "mean": 0.39674974989432554,
        "std": 0.09739976384661844
      },
      "7": {
        "mean": 0.4456702764790792,
        "std": 0.09534330164703878
      },
      "8": {
        "mean": 0.47326096204610973,
        "std": 0.10779983344450215
      }
    },
    "semantic_all_cat": {
      "1": {
        "mean": 0.2387681007385254,
        "std": 0.0295733492821455
      },
      "2": {
        "mean": 0.24378807842731476,
        "std": 0.034383051097393036
      },
      "3": {
        "mean": 0.2535956799983978,
        "std": 0.038475677371025085
      },
      "4": {
        "mean": 0.26619580388069153,
        "std": 0.042552314698696136
      },
      "5": {
        "mean": 0.2818222939968109,
        "std": 0.04624957963824272
      },
      "6": {
        "mean": 0.29636576771736145,
        "std": 0.04999490827322006
      },
      "7": {
        "mean": 0.3029193580150604,
        "std": 0.05389944836497307
      },
      "8": {
        "mean": 0.28887563943862915,
        "std": 0.06086556240916252
      }
    }
  },
  "lined": {
    "mnemonic_target": {
      "1": {
        "mean": 0.20076976716518402,
        "std": 0.09282602369785309
      },
      "2": {
        "mean": 0.22693081200122833,
        "std": 0.10196369141340256
      },
      "3": {
        "mean": 0.2593570351600647,
        "std": 0.10403764247894287
      },
      "4": {
        "mean": 0.30572256445884705,
        "std": 0.11259707063436508
      },
      "5": {
        "mean": 0.3824596107006073,
        "std": 0.11902030557394028
      },
      "6": {
        "mean": 0.5173323154449463,
        "std": 0.11562874913215637
      },
      "7": {
        "mean": 0.7059842944145203,
        "std": 0.09850442409515381
      },
      "8": {
        "mean": 0.9279151558876038,
        "std": 0.03742709755897522
      }
    },
    "mnemonic_all": {
      "1": {
        "mean": 0.16441544890403748,
        "std": 0.023688841611146927
      },
      "2": {
        "mean": 0.17127642035484314,
        "std": 0.02633552998304367
      },
      "3": {
        "mean": 0.18044798076152802,
        "std": 0.02802833914756775
      },
      "4": {
        "mean": 0.19000916182994843,
        "std": 0.02779838815331459
      },
      "5": {
        "mean": 0.20614856481552124,
        "std": 0.031161045655608177
      },
      "6": {
        "mean": 0.2248120754957199,
        "std": 0.034455955028533936
      },
      "7": {
        "mean": 0.24256297945976257,
        "std": 0.04172979295253754
      },
      "8": {
        "mean": 0.25176137685775757,
        "std": 0.049426913261413574
      }
    },
    "semantic_same_cat": {
      "1": {
        "mean": 0.2973914369940758,
        "std": 0.0699978132715041
      },