{
  "original": {
    "mnemonic_target": {
      "1": {
        "mean": 0.34419283270835876,
        "std": 0.08673790842294693
      },
      "2": {
        "mean": 0.37035444378852844,
        "std": 0.08897536247968674
      },
      "3": {
        "mean": 0.40704792737960815,
        "std": 0.09124419838190079
      },
      "4": {
        "mean": 0.4561088979244232,
        "std": 0.09294969588518143
      },
      "5": {
        "mean": 0.523375391960144,
        "std": 0.09844321757555008
      },
      "6": {
        "mean": 0.6233149766921997,
        "std": 0.09063045680522919
      },
      "7": {
        "mean": 0.764977753162384,
        "std": 0.07039014995098114
      },
      "8": {
        "mean": 0.9683496356010437,
        "std": 0.014286770485341549
      }
    },
    "mnemonic_all": {
      "1": {
        "mean": 0.2701663672924042,
        "std": 0.03208301216363907
      },
      "2": {
        "mean": 0.2788636088371277,
        "std": 0.03372029960155487
      },
      "3": {
        "mean": 0.2928197681903839,
        "std": 0.035870350897312164
      },
      "4": {
        "mean": 0.30771729350090027,
        "std": 0.03902837634086609
      },
      "5": {
        "mean": 0.32720962166786194,
        "std": 0.04401803016662598
      },
      "6": {
        "mean": 0.350135862827301,
        "std": 0.04704060032963753
      },
      "7": {
        "mean": 0.37011659145355225,
        "std": 0.051654983311891556
      },
      "8": {
        "mean": 0.37455490231513977,
        "std": 0.06056544557213783
      }
    },
    "semantic_same_cat": {
      "1": {
        "mean": 0.4118479137810377,
        "std": 0.06950145053416364
      },
      "2": {
        "mean": 0.42960751893428656,
        "std": 0.07278932781843377
      },
      "3": {
        "mean": 0.45434457785808124,
        "std": 0.07567138557399065
      },
      "4": {
        "mean": 0.4830034260566418,
        "std": 0.07774577242599809
      },
      "5": {
        "mean": 0.5222083851695061,
        "std": 0.08110289207768012
      },
      "6": {
        "mean": 0.571393537062865,
        "std": 0.0789135349941124
      },
      "7": {
        "mean": 0.6238386174807182,
        "std": 0.08093661054385216
      },
      "8": {
        "mean": 0.6661212247151594,
        "std": 0.09562063864367322
      }
    },
    "semantic_all_cat": {
      "1": {
        "mean": 0.3883071541786194,
        "std": 0.04661661759018898
      },
      "2": {
        "mean": 0.4011492133140564,
        "std": 0.04922426864504814
      },
      "3": {
        "mean": 0.4214966595172882,
        "std": 0.05251936987042427
      },
      "4": {
        "mean": 0.4430219829082489,
        "std": 0.05702876299619675
      },
      "5": {
        "mean": 0.4714050590991974,
        "std": 0.06404373794794083
      },
      "6": {
        "mean": 0.5046296119689941,
        "std": 0.06901499629020691
      },
      "7": {
        "mean": 0.5338401794433594,
        "std": 0.07593465596437454
      },
      "8": {
        "mean": 0.5423954725265503,
        "std": 0.08922139555215836
      }
    }
  },
  "gray": {
    "mnemonic_target": {
      "1": {
        "mean": 0.3172435164451599,
        "std": 0.08981708437204361
      },
      "2": {
        "mean": 0.33923041820526123,
        "std": 0.09371908754110336
      },
      "3": {
        "mean": 0.37246549129486084,
        "std": 0.0951007604598999
      },
      "4": {
        "mean": 0.4199584424495697,
        "std": 0.09717842936515808
      },
      "5": {
        "mean": 0.4903031885623932,
        "std": 0.10240788012742996
      },
      "6": {
        "mean": 0.5985795855522156,
        "std": 0.09273725003004074
      },
      "7": {
        "mean": 0.7521609663963318,
        "std": 0.07112816721200943
      },
      "8": {
        "mean": 0.9647411108016968,
        "std": 0.014541009441018105
      }
    },
    "mnemonic_all": {
      "1": {
        "mean": 0.25883713364601135,
        "std": 0.027324967086315155
      },
      "2": {
        "mean": 0.2635636627674103,
        "std": 0.02923235483467579
      },
      "3": {
        "mean": 0.2731538712978363,
        "std": 0.031991612166166306
      },
      "4": {
        "mean": 0.2848001718521118,
        "std": 0.03479957580566406
      },
      "5": {
        "mean": 0.3032374680042267,
        "std": 0.03994035720825195
      },
      "6": {
        "mean": 0.32654425501823425,
        "std": 0.04295649006962776
      },
      "7": {
        "mean": 0.3497408926486969,
        "std": 0.048485465347766876
      },
      "8": {
        "mean": 0.3633705675601959,
        "std": 0.05605880543589592
      }
    },
    "semantic_same_cat": {
      "1": {
        "mean": 0.3991498433626615,
        "std": 0.0674519448037561
      },
      "2": {
        "mean": 0.4112233898960627,
        "std": 0.06998783175151817
      },
      "3": {
        "mean": 0.43033230018157226,
        "std": 0.07266276685572552
      },
      "4": {
        "mean": 0.455021254832928,
        "std": 0.07350656446251644
      },
      "5": {
        "mean": 0.49422915532038764,
        "std": 0.07729964779472659
      },
      "6": {
        "mean": 0.5466260883670587,
        "std": 0.07392835726808018
      },
      "7": {
        "mean": 0.6058675276545378,
        "std": 0.07750278632607024
      },
      "8": {
        "mean": 0.6598523732561331,
        "std": 0.09193740420668953
      }
    },
    "semantic_all_cat": {
      "1": {
        "mean": 0.378429651260376,
        "std": 0.040627866983413696
      },
      "2": {
        "mean": 0.3855389654636383,
        "std": 0.0437031053006649
      },
      "3": {
        "mean": 0.3997599184513092,
        "std": 0.047974247485399246
      },
      "4": {
        "mean": 0.4167933166027069,
        "std": 0.052152398973703384
      },
      "5": {
        "mean": 0.443888396024704,
        "std": 0.059553515166044235
      },
      "6": {
        "mean": 0.4778312146663666,
        "std": 0.0649714395403862
      },
      "7": {
        "mean": 0.5115431547164917,
        "std": 0.0735558271408081
      },
      "8": {
        "mean": 0.5334572196006775,
        "std": 0.08520439267158508
      }
    }
  },
  "lined": {
    "mnemonic_target": {
      "1": {
        "mean": 0.41190630197525024,
        "std": 0.07298950105905533
      },
      "2": {
        "mean": 0.4335600733757019,
        "std": 0.07402993738651276
      },
      "3": {
        "mean": 0.4625885784626007,
        "std": 0.07986120879650116
      },
      "4": {
        "mean": 0.5011339783668518,
        "std": 0.08571299910545349
      },
      "5": {
        "mean": 0.5667828321456909,
        "std": 0.08782194554805756
      },
      "6": {
        "mean": 0.6587885618209839,
        "std": 0.08047087490558624
      },
      "7": {
        "mean": 0.7934615015983582,
        "std": 0.06695537269115448
      },
      "8": {
        "mean": 0.9504455327987671,
        "std": 0.015556461177766323
      }
    },
    "mnemonic_all": {
      "1": {
        "mean": 0.36261439323425293,
        "std": 0.03386605530977249
      },
      "2": {
        "mean": 0.37163859605789185,
        "std": 0.03304870054125786
      },
      "3": {
        "mean": 0.3861510753631592,
        "std": 0.03426346182823181
      },
      "4": {
        "mean": 0.4048243761062622,
        "std": 0.03469594568014145
      },
      "5": {
        "mean": 0.4363575279712677,
        "std": 0.03788008168339729
      },
      "6": {
        "mean": 0.4747419059276581,
        "std": 0.040272388607263565
      },
      "7": {
        "mean": 0.522105872631073,
        "std": 0.0475149042904377
      },
      "8": {
        "mean": 0.5620695352554321,
        "std": 0.05830913037061691
      }
    },
    "semantic_same_cat": {
      "1": {
        "mean": 0.4656630595143025,
        "std": 0.052141395807051905
      },
      "2": {
        "mean": 0.4804505003186373,