{
  "original": {
    "mnemonic_target": {
      "1": {
        "mean": 0.9631439447402954,
        "std": 0.010278386063873768
      },
      "2": {
        "mean": 0.9691562652587891,
        "std": 0.009671524167060852
      },
      "3": {
        "mean": 0.9761556386947632,
        "std": 0.008020504377782345
      },
      "4": {
        "mean": 0.9826361536979675,
        "std": 0.006208041217178106
      },
      "5": {
        "mean": 0.9879869818687439,
        "std": 0.004924742504954338
      },
      "6": {
        "mean": 0.9926291704177856,
        "std": 0.003525039879605174
      },
      "7": {
        "mean": 0.996160089969635,
        "std": 0.0024315551854670048
      },
      "8": {
        "mean": 1.0,
        "std": 1.4228967870622e-07
      }
    },
    "mnemonic_all": {
      "1": {
        "mean": 0.9465147852897644,
        "std": 0.005192482843995094
      },
      "2": {
        "mean": 0.9485731720924377,
        "std": 0.005638536065816879
      },
      "3": {
        "mean": 0.950880765914917,
        "std": 0.005907054990530014
      },
      "4": {
        "mean": 0.9524915218353271,
        "std": 0.0060449340380728245
      },
      "5": {
        "mean": 0.9535233974456787,
        "std": 0.006275980733335018
      },
      "6": {
        "mean": 0.9538768529891968,
        "std": 0.006610190961509943
      },
      "7": {
        "mean": 0.953955888748169,
        "std": 0.006890361197292805
      },
      "8": {
        "mean": 0.9525656700134277,
        "std": 0.007461490575224161
      }
    },
    "semantic_same_cat": {
      "1": {
        "mean": 0.9684489770577505,
        "std": 0.006755008670319025
      },
      "2": {
        "mean": 0.9711519697537789,
        "std": 0.006789187248542024
      },
      "3": {
        "mean": 0.9743238089176325,
        "std": 0.006677841618063052
      },
      "4": {
        "mean": 0.976931902536979,
        "std": 0.0066897221392552535
      },
      "5": {
        "mean": 0.9787433454623589,
        "std": 0.006793403416890874
      },
      "6": {
        "mean": 0.979803643318323,
        "std": 0.007000134430753917
      },
      "7": {
        "mean": 0.9804164001574883,
        "std": 0.00727784550526559
      },
      "8": {
        "mean": 0.9799330580693025,
        "std": 0.007834106478147201
      }
    },
    "semantic_all_cat": {
      "1": {
        "mean": 0.9661141037940979,
        "std": 0.005260517355054617
      },
      "2": {
        "mean": 0.9681134223937988,
        "std": 0.005716406274586916
      },
      "3": {
        "mean": 0.970353901386261,
        "std": 0.005991647019982338
      },
      "4": {
        "mean": 0.9718767404556274,
        "std": 0.006128848064690828
      },
      "5": {
        "mean": 0.972837507724762,
        "std": 0.006386744324117899
      },
      "6": {
        "mean": 0.9731340408325195,
        "std": 0.0067706480622291565
      },
      "7": {
        "mean": 0.9731698632240295,
        "std": 0.007094019558280706
      },
      "8": {
        "mean": 0.971695065498352,
        "std": 0.007764373905956745
      }
    }
  },
  "gray": {
    "mnemonic_target": {
      "1": {
        "mean": 0.9648174047470093,
        "std": 0.009932037442922592
      },
      "2": {
        "mean": 0.9698875546455383,
        "std": 0.00984278041869402
      },
      "3": {
        "mean": 0.9760617017745972,
        "std": 0.008930955082178116
      },
      "4": {
        "mean": 0.9819759130477905,
        "std": 0.00731639051809907
      },
      "5": {
        "mean": 0.9873526692390442,
        "std": 0.005802666302770376
      },
      "6": {
        "mean": 0.9923525452613831,
        "std": 0.003901838790625334
      },
      "7": {
        "mean": 0.996220052242279,
        "std": 0.002431808039546013
      },
      "8": {
        "mean": 1.0,
        "std": 1.309438886210046e-07
      }
    },
    "mnemonic_all": {
      "1": {
        "mean": 0.9517834186553955,
        "std": 0.004882342182099819
      },
      "2": {
        "mean": 0.9535887837409973,
        "std": 0.0051584066823124886
      },
      "3": {
        "mean": 0.9558663964271545,
        "std": 0.00518132746219635
      },
      "4": {
        "mean": 0.9576577544212341,
        "std": 0.005262400489300489
      },
      "5": {
        "mean": 0.9589862823486328,
        "std": 0.005454752128571272
      },
      "6": {
        "mean": 0.9597430229187012,
        "std": 0.005752624943852425
      },
      "7": {
        "mean": 0.959999680519104,
        "std": 0.006066550500690937
      },
      "8": {
        "mean": 0.9591063261032104,
        "std": 0.006568240467458963
      }
    },
    "semantic_same_cat": {
      "1": {
        "mean": 0.9705283841261497,
        "std": 0.006432872244394918
      },
      "2": {
        "mean": 0.972912379870048,
        "std": 0.006559899906372182
      },
      "3": {
        "mean": 0.9759352885759793,
        "std": 0.006256906296246914
      },
      "4": {
        "mean": 0.9785662394303541,
        "std": 0.006075436097613747
      },
      "5": {
        "mean": 0.9806452233057755,
        "std": 0.0060695633939515225
      },
      "6": {
        "mean": 0.9821358827444223,
        "std": 0.0062950389256624184
      },
      "7": {
        "mean": 0.9830146136192175,
        "std": 0.006532421837138643
      },
      "8": {
        "mean": 0.982975556070988,
        "std": 0.006752501638414187
      }
    },
    "semantic_all_cat": {
      "1": {
        "mean": 0.9684034585952759,
        "std": 0.0049791885539889336
      },
      "2": {
        "mean": 0.9701615571975708,
        "std": 0.0052765775471925735
      },
      "3": {
        "mean": 0.9724059104919434,
        "std": 0.0053101894445717335
      },
      "4": {
        "mean": 0.9741467237472534,
        "std": 0.00539026316255331
      },
      "5": {
        "mean": 0.9754236340522766,
        "std": 0.005606028251349926
      },
      "6": {
        "mean": 0.976143479347229,
        "std": 0.005937926936894655
      },
      "7": {
        "mean": 0.9763716459274292,
        "std": 0.006304179783910513
      },
      "8": {
        "mean": 0.9754413962364197,
        "std": 0.006905300542712212
      }
    }
  },
  "lined": {
    "mnemonic_target": {
      "1": {
        "mean": 0.9642093777656555,
        "std": 0.007782557979226112
      },
      "2": {
        "mean": 0.9707093238830566,
        "std": 0.0072884103283286095
      },
      "3": {
        "mean": 0.977732241153717,
        "std": 0.006169421598315239
      },
      "4": {
        "mean": 0.9839086532592773,
        "std": 0.005057274363934994
      },
      "5": {
        "mean": 0.9893069863319397,
        "std": 0.0040445225313305855
      },
      "6": {
        "mean": 0.9940557479858398,
        "std": 0.0024433706421405077
      },
      "7": {
        "mean": 0.9975718855857849,
        "std": 0.0011936319060623646
      },
      "8": {
        "mean": 1.0,
        "std": 1.2012630179469852e-07
      }
    },
    "mnemonic_all": {
      "1": {
        "mean": 0.9554225206375122,
        "std": 0.0062411087565124035
      },
      "2": {
        "mean": 0.9593024849891663,
        "std": 0.0060388511046767235
      },
      "3": {
        "mean": 0.963407576084137,
        "std": 0.005395577754825354
      },
      "4": {
        "mean": 0.9662554264068604,
        "std": 0.005280176643282175
      },
      "5": {
        "mean": 0.9684625267982483,
        "std": 0.005185052286833525
      },
      "6": {
        "mean": 0.9701148867607117,
        "std": 0.005164836533367634
      },
      "7": {
        "mean": 0.9710296988487244,
        "std": 0.005456315819174051
      },
      "8": {
        "mean": 0.9709575772285461,
        "std": 0.005964475218206644
      }
    },
    "semantic_same_cat": {
      "1": {
        "mean": 0.9687447802378581,
        "std": 0.006428790250826525
      },
      "2": {
        "mean": 0.9732731124529472,