{
  "gestalt": {
    "CLIP": {
      "1": {
        "mean": 0.389529,
        "std": 0.126196
      },
      "2": {
        "mean": 0.399939,
        "std": 0.126688
      },
      "3": {
        "mean": 0.413063,
        "std": 0.125673
      },
      "4": {
        "mean": 0.427883,
        "std": 0.122827
      },
      "5": {
        "mean": 0.454862,
        "std": 0.122047
      },
      "6": {
        "mean": 0.501038,
        "std": 0.124917
      },
      "7": {
        "mean": 0.562526,
        "std": 0.133621
      },
      "8": {
        "mean": 0.628008,
        "std": 0.139867
      }
    },
    "MAE": {
      "1": {
        "mean": 0.270042,
        "std": 0.120753
      },
      "2": {
        "mean": 0.269059,
        "std": 0.119913
      },
      "3": {
        "mean": 0.266914,
        "std": 0.116592
      },
      "4": {
        "mean": 0.265167,
        "std": 0.113431
      },
      "5": {
        "mean": 0.259473,
        "std": 0.11027
      },
      "6": {
        "mean": 0.255581,
        "std": 0.103605
      },
      "7": {
        "mean": 0.246235,
        "std": 0.093871
      },
      "8": {
        "mean": 0.237738,
        "std": 0.085953
      }
    },
    "DINO-v1": {
      "1": {
        "mean": 0.293692,
        "std": 0.0867
      },
      "2": {
        "mean": 0.343907,
        "std": 0.09195
      },
      "3": {
        "mean": 0.413221,
        "std": 0.099342
      },
      "4": {
        "mean": 0.494004,
        "std": 0.116808
      },
      "5": {
        "mean": 0.558528,
        "std": 0.122836
      },
      "6": {
        "mean": 0.592416,
        "std": 0.124694
      },
      "7": {
        "mean": 0.600549,
        "std": 0.127624
      },
      "8": {
        "mean": 0.625173,
        "std": 0.132337
      }
    }
  },
  "mnemonic": {
    "CLIP": {
      "similarity": {
        "1": {
          "mean": 0.783081,
          "std": 0.045866
        },
        "2": {
          "mean": 0.788991,
          "std": 0.047875
        },
        "3": {
          "mean": 0.795588,
          "std": 0.049374
        },
        "4": {
          "mean": 0.811138,
          "std": 0.051973
        },
        "5": {
          "mean": 0.837649,
          "std": 0.053777
        },
        "6": {
          "mean": 0.884833,
          "std": 0.050944
        },
        "7": {
          "mean": 0.939436,
          "std": 0.033201
        },
        "8": {
          "mean": 0.981416,
          "std": 0.011947
        }
      },
      "retrieval": {
        "1": {
          "mean": 0.392308,
          "std": 0.488265
        },
        "2": {
          "mean": 0.411538,
          "std": 0.492112
        },
        "3": {
          "mean": 0.496154,
          "std": 0.499985
        },
        "4": {
          "mean": 0.576923,
          "std": 0.494047
        },
        "5": {
          "mean": 0.742308,
          "std": 0.437364
        },
        "6": {
          "mean": 0.934615,
          "std": 0.247203
        },
        "7": {
          "mean": 0.988462,
          "std": 0.106796
        },
        "8": {
          "mean": 1.0,
          "std": 0.0
        }
      }
    },
    "MAE": {
      "similarity": {
        "1": {
          "mean": 0.963144,
          "std": 0.010278
        },
        "2": {
          "mean": 0.969156,
          "std": 0.009672
        },
        "3": {
          "mean": 0.976156,
          "std": 0.008021
        },
        "4": {
          "mean": 0.982636,
          "std": 0.006208
        },
        "5": {
          "mean": 0.987987,
          "std": 0.004925
        },
        "6": {
          "mean": 0.992629,
          "std": 0.003525
        },
        "7": {
          "mean": 0.99616,
          "std": 0.002432
        },
        "8": {
          "mean": 1.0,
          "std": 0.0
        }
      },
      "retrieval": {
        "1": {
          "mean": 0.692308,
          "std": 0.461538
        },
        "2": {
          "mean": 0.753846,
          "std": 0.430769
        },
        "3": {
          "mean": 0.896154,
          "std": 0.305061
        },
        "4": {
          "mean": 0.969231,
          "std": 0.172692
        },
        "5": {
          "mean": 1.0,
          "std": 0.0
        },
        "6": {
          "mean": 1.0,
          "std": 0.0
        },
        "7": {
          "mean": 1.0,
          "std": 0.0
        },
        "8": {
          "mean": 1.0,
          "std": 0.0
        }
      }
    },
    "DINO-v1": {
      "similarity": {
        "1": {
          "mean": 0.344193,
          "std": 0.086738
        },
        "2": {
          "mean": 0.370354,
          "std": 0.088975
        },
        "3": {
          "mean": 0.407048,
          "std": 0.091244
        },
        "4": {
          "mean": 0.456109,
          "std": 0.09295
        },
        "5": {
          "mean": 0.523375,
          "std": 0.098443
        },
        "6": {
          "mean": 0.623315,
          "std": 0.09063
        },
        "7": {
          "mean": 0.764978,
          "std": 0.07039
        },
        "8": {
          "mean": 0.96835,
          "std": 0.014287
        }
      },
      "retrieval": {
        "1": {
          "mean": 0.55,
          "std": 0.497494
        },
        "2": {
          "mean": 0.55,
          "std": 0.497494
        },
        "3": {
          "mean": 0.646154,
          "std": 0.478162
        },
        "4": {
          "mean": 0.796154,
          "std": 0.402856
        },
        "5": {
          "mean": 0.873077,
          "std": 0.332887
        },
        "6": {
          "mean": 0.976923,
          "std": 0.150148
        },
        "7": {
          "mean": 1.0,
          "std": 0.0
        },
        "8": {
          "mean": 1.0,
          "std": 0.0
        }
      }
    }
  },
  "semantic": {
    "CLIP": {
      "prototype_acc": {
        "1": {
          "mean": 0.4,
          "std": 0.489898
        },
        "2": {
          "mean": 0.376923,
          "std": 0.484615
        },
        "3": {
          "mean": 0.434615,
          "std": 0.495706
        },
        "4": {
          "mean": 0.492308,
          "std": 0.499941
        },
        "5": {
          "mean": 0.596154,
          "std": 0.490667
        },
        "6": {
          "mean": 0.757692,
          "std": 0.428479
        },
        "7": {
          "mean": 0.880769,
          "std": 0.32406
        },
        "8": {
          "mean": 0.930769,
          "std": 0.253846
        }
      },
      "zeroshot_acc": {
        "1": {
          "mean": 0.284615,
          "std": 0.451231
        },
        "2": {
          "mean": 0.330769,
          "std": 0.47049
        },
        "3": {
          "mean": 0.315385,
          "std": 0.464669
        },
        "4": {
          "mean": 0.4,
          "std": 0.489898
        },
        "5": {
          "mean": 0.473077,
          "std": 0.499275
        },
        "6": {
          "mean": 0.546154,
          "std": 0.497865
        },
        "7": {
          "mean": 0.619231,
          "std": 0.485576
        },
        "8": {
          "mean": 0.723077,
          "std": 0.447478
        }
      }
    },
    "MAE": {
      "prototype_acc": {
        "1": {
          "mean": 0.380769,
          "std": 0.485576
        },
        "2": {
          "mean": 0.434615,
          "std": 0.495706
        },
        "3": {
          "mean": 0.503846,
          "std": 0.499985
        },
        "4": {
          "mean": 0.603846,
          "std": 0.489097
        },
        "5": {
          "mean": 0.653846,
          "std": 0.475743
        },
        "6": {
          "mean": 0.734615,
          "std": 0.441538
        },
        "7": {
          "mean": 0.738462,
          "std": 0.439473
        },
        "8": {
          "mean": 0.773077,
          "std": 0.418842
        }
      }
    },
    "DINO-v1": {
      "prototype_acc": {
        "1": {
          "mean": 0.353846,
          "std": 0.478162
        },