{
  "gestalt": {
    "CLIP": {
      "1": {
        "mean": 0.382941,
        "std": 0.123271
      },
      "2": {
        "mean": 0.390773,
        "std": 0.122966
      },
      "3": {
        "mean": 0.401727,
        "std": 0.120414
      },
      "4": {
        "mean": 0.412835,
        "std": 0.1181
      },
      "5": {
        "mean": 0.435294,
        "std": 0.115516
      },
      "6": {
        "mean": 0.474209,
        "std": 0.117091
      },
      "7": {
        "mean": 0.523538,
        "std": 0.121058
      },
      "8": {
        "mean": 0.580675,
        "std": 0.128761
      }
    },
    "MAE": {
      "1": {
        "mean": 0.266608,
        "std": 0.1131
      },
      "2": {
        "mean": 0.266114,
        "std": 0.117529
      },
      "3": {
        "mean": 0.266268,
        "std": 0.118415
      },
      "4": {
        "mean": 0.263724,
        "std": 0.11432
      },
      "5": {
        "mean": 0.258371,
        "std": 0.107853
      },
      "6": {
        "mean": 0.253072,
        "std": 0.104074
      },
      "7": {
        "mean": 0.246263,
        "std": 0.096816
      },
      "8": {
        "mean": 0.240918,
        "std": 0.090528
      }
    },
    "DINO-v1": {
      "1": {
        "mean": 0.278594,
        "std": 0.097374
      },
      "2": {
        "mean": 0.306332,
        "std": 0.09819
      },
      "3": {
        "mean": 0.341034,
        "std": 0.102665
      },
      "4": {
        "mean": 0.385881,
        "std": 0.115337
      },
      "5": {
        "mean": 0.440777,
        "std": 0.11854
      },
      "6": {
        "mean": 0.47614,
        "std": 0.120118
      },
      "7": {
        "mean": 0.488692,
        "std": 0.118139
      },
      "8": {
        "mean": 0.489749,
        "std": 0.121551
      }
    }
  },
  "mnemonic": {
    "CLIP": {
      "similarity": {
        "1": {
          "mean": 0.813846,
          "std": 0.042025
        },
        "2": {
          "mean": 0.817281,
          "std": 0.04207
        },
        "3": {
          "mean": 0.821405,
          "std": 0.042295
        },
        "4": {
          "mean": 0.829225,
          "std": 0.042202
        },
        "5": {
          "mean": 0.844117,
          "std": 0.043295
        },
        "6": {
          "mean": 0.872741,
          "std": 0.044356
        },
        "7": {
          "mean": 0.92565,
          "std": 0.034199
        },
        "8": {
          "mean": 0.974707,
          "std": 0.01425
        }
      },
      "retrieval": {
        "1": {
          "mean": 0.238462,
          "std": 0.426143
        },
        "2": {
          "mean": 0.223077,
          "std": 0.41631
        },
        "3": {
          "mean": 0.273077,
          "std": 0.44554
        },
        "4": {
          "mean": 0.25,
          "std": 0.433013
        },
        "5": {
          "mean": 0.4,
          "std": 0.489898
        },
        "6": {
          "mean": 0.573077,
          "std": 0.494631
        },
        "7": {
          "mean": 0.919231,
          "std": 0.27248
        },
        "8": {
          "mean": 1.0,
          "std": 0.0
        }
      }
    },
    "MAE": {
      "similarity": {
        "1": {
          "mean": 0.964209,
          "std": 0.007783
        },
        "2": {
          "mean": 0.970709,
          "std": 0.007288
        },
        "3": {
          "mean": 0.977732,
          "std": 0.006169
        },
        "4": {
          "mean": 0.983909,
          "std": 0.005057
        },
        "5": {
          "mean": 0.989307,
          "std": 0.004045
        },
        "6": {
          "mean": 0.994056,
          "std": 0.002443
        },
        "7": {
          "mean": 0.997572,
          "std": 0.001194
        },
        "8": {
          "mean": 1.0,
          "std": 0.0
        }
      },
      "retrieval": {
        "1": {
          "mean": 0.465385,
          "std": 0.4988
        },
        "2": {
          "mean": 0.607692,
          "std": 0.488265
        },
        "3": {
          "mean": 0.75,
          "std": 0.433013
        },
        "4": {
          "mean": 0.9,
          "std": 0.3
        },
        "5": {
          "mean": 0.976923,
          "std": 0.150148
        },
        "6": {
          "mean": 1.0,
          "std": 0.0
        },
        "7": {
          "mean": 1.0,
          "std": 0.0
        },
        "8": {
          "mean": 1.0,
          "std": 0.0
        }
      }
    },
    "DINO-v1": {
      "similarity": {
        "1": {
          "mean": 0.411906,
          "std": 0.07299
        },
        "2": {
          "mean": 0.43356,
          "std": 0.07403
        },
        "3": {
          "mean": 0.462589,
          "std": 0.079861
        },
        "4": {
          "mean": 0.501134,
          "std": 0.085713
        },
        "5": {
          "mean": 0.566783,
          "std": 0.087822
        },
        "6": {
          "mean": 0.658789,
          "std": 0.080471
        },
        "7": {
          "mean": 0.793462,
          "std": 0.066955
        },
        "8": {
          "mean": 0.950446,
          "std": 0.015556
        }
      },
      "retrieval": {
        "1": {
          "mean": 0.411538,
          "std": 0.492112
        },
        "2": {
          "mean": 0.442308,
          "std": 0.49666
        },
        "3": {
          "mean": 0.496154,
          "std": 0.499985
        },
        "4": {
          "mean": 0.565385,
          "std": 0.495706
        },
        "5": {
          "mean": 0.703846,
          "std": 0.45656
        },
        "6": {
          "mean": 0.846154,
          "std": 0.360801
        },
        "7": {
          "mean": 0.984615,
          "std": 0.123077
        },
        "8": {
          "mean": 1.0,
          "std": 0.0
        }
      }
    }
  },
  "semantic": {
    "CLIP": {
      "prototype_acc": {
        "1": {
          "mean": 0.223077,
          "std": 0.41631
        },
        "2": {
          "mean": 0.2,
          "std": 0.4
        },
        "3": {
          "mean": 0.226923,
          "std": 0.418842
        },
        "4": {
          "mean": 0.238462,
          "std": 0.426143
        },
        "5": {
          "mean": 0.288462,
          "std": 0.453047
        },
        "6": {
          "mean": 0.423077,
          "std": 0.494047
        },
        "7": {
          "mean": 0.707692,
          "std": 0.454823
        },
        "8": {
          "mean": 0.903846,
          "std": 0.294802
        }
      },
      "zeroshot_acc": {
        "1": {
          "mean": 0.226923,
          "std": 0.418842
        },
        "2": {
          "mean": 0.2,
          "std": 0.4
        },
        "3": {
          "mean": 0.211538,
          "std": 0.408399
        },
        "4": {
          "mean": 0.242308,
          "std": 0.428479
        },
        "5": {
          "mean": 0.292308,
          "std": 0.454823
        },
        "6": {
          "mean": 0.35,
          "std": 0.47697
        },
        "7": {
          "mean": 0.534615,
          "std": 0.4988
        },
        "8": {
          "mean": 0.673077,
          "std": 0.469089
        }
      }
    },
    "MAE": {
      "prototype_acc": {
        "1": {
          "mean": 0.276923,
          "std": 0.447478
        },
        "2": {
          "mean": 0.296154,
          "std": 0.45656
        },
        "3": {
          "mean": 0.403846,
          "std": 0.490667
        },
        "4": {
          "mean": 0.488462,
          "std": 0.499867
        },
        "5": {
          "mean": 0.561538,
          "std": 0.496199
        },
        "6": {
          "mean": 0.634615,
          "std": 0.481538
        },
        "7": {
          "mean": 0.661538,
          "std": 0.473186
        },
        "8": {
          "mean": 0.711538,
          "std": 0.453047
        }
      }
    },
    "DINO-v1": {
      "prototype_acc": {
        "1": {
          "mean": 0.311538,
          "std": 0.463122
        },