{
  "original": {
    "mnemonic_target": {
      "1": {
        "mean": 0.987964928150177,
        "std": 0.01155030820518732
      },
      "2": {
        "mean": 0.9886985421180725,
        "std": 0.011045215651392937
      },
      "3": {
        "mean": 0.9896390438079834,
        "std": 0.010145996697247028
      },
      "4": {
        "mean": 0.9908353090286255,
        "std": 0.009224651381373405
      },
      "5": {
        "mean": 0.9923194050788879,
        "std": 0.007895133458077908
      },
      "6": {
        "mean": 0.9942549467086792,
        "std": 0.0059123653918504715
      },
      "7": {
        "mean": 0.9966095089912415,
        "std": 0.00363132543861866
      },
      "8": {
        "mean": 0.9988024234771729,
        "std": 0.0013166078133508563
      }
    },
    "mnemonic_all": {
      "1": {
        "mean": 0.9874883890151978,
        "std": 0.0008457670919597149
      },
      "2": {
        "mean": 0.9880671501159668,
        "std": 0.0009987341472879052
      },
      "3": {
        "mean": 0.9887622594833374,
        "std": 0.0011993586085736752
      },
      "4": {
        "mean": 0.9896405935287476,
        "std": 0.001429118332453072
      },
      "5": {
        "mean": 0.9906688928604126,
        "std": 0.0016936438623815775
      },
      "6": {
        "mean": 0.9918637871742249,
        "std": 0.001997918589040637
      },
      "7": {
        "mean": 0.9931222796440125,
        "std": 0.002112290821969509
      },
      "8": {
        "mean": 0.9937899112701416,
        "std": 0.002061279024928808
      }
    },
    "semantic_same_cat": {
      "1": {
        "mean": 0.9905717620482811,
        "std": 0.003382665941506989
      },
      "2": {
        "mean": 0.9911804884672165,
        "std": 0.0032171531626443797
      },
      "3": {
        "mean": 0.991911149254212,
        "std": 0.003089111619694464
      },
      "4": {
        "mean": 0.992839935880441,
        "std": 0.0029491727149420863
      },
      "5": {
        "mean": 0.9939359873533249,
        "std": 0.0027880004390697308
      },
      "6": {
        "mean": 0.9952474270875638,
        "std": 0.0026585829337552897
      },
      "7": {
        "mean": 0.9966724336147308,
        "std": 0.0025008418504642075
      },
      "8": {
        "mean": 0.9975819683991946,
        "std": 0.0022092785010721368
      }
    },
    "semantic_all_cat": {
      "1": {
        "mean": 0.9910427331924438,
        "std": 0.0008206324419006705
      },
      "2": {
        "mean": 0.9916037917137146,
        "std": 0.000967370462603867
      },
      "3": {
        "mean": 0.9922760128974915,
        "std": 0.0011590709909796715
      },
      "4": {
        "mean": 0.9931225180625916,
        "std": 0.0013764339964836836
      },
      "5": {
        "mean": 0.9941089153289795,
        "std": 0.0016240283148363233
      },
      "6": {
        "mean": 0.9952428936958313,
        "std": 0.0018988094525411725
      },
      "7": {
        "mean": 0.9964079856872559,
        "std": 0.001978338463231921
      },
      "8": {
        "mean": 0.9969482421875,
        "std": 0.0019893532153218985
      }
    }
  },
  "gray": {
    "mnemonic_target": {
      "1": {
        "mean": 0.9925706386566162,
        "std": 0.008248099125921726
      },
      "2": {
        "mean": 0.9930113554000854,
        "std": 0.007820268161594868
      },
      "3": {
        "mean": 0.993575930595398,
        "std": 0.007314922288060188
      },
      "4": {
        "mean": 0.9943069219589233,
        "std": 0.006582854315638542
      },
      "5": {
        "mean": 0.995303213596344,
        "std": 0.005546556320041418
      },
      "6": {
        "mean": 0.9964743852615356,
        "std": 0.004262594040483236
      },
      "7": {
        "mean": 0.9979270100593567,
        "std": 0.00256346701644361
      },
      "8": {
        "mean": 0.9992436170578003,
        "std": 0.0009906046325340867
      }
    },
    "mnemonic_all": {
      "1": {
        "mean": 0.9923375248908997,
        "std": 0.0005804180400446057
      },
      "2": {
        "mean": 0.9926972389221191,
        "std": 0.0006778034148737788
      },
      "3": {
        "mean": 0.9931433796882629,
        "std": 0.0008210676023736596
      },
      "4": {
        "mean": 0.9936956763267517,
        "std": 0.0009728975128382444
      },
      "5": {
        "mean": 0.9944138526916504,
        "std": 0.001208188128657639
      },
      "6": {
        "mean": 0.9952182769775391,
        "std": 0.0013575238408520818
      },
      "7": {
        "mean": 0.9960195422172546,
        "std": 0.0014010004233568907
      },
      "8": {
        "mean": 0.9965108036994934,
        "std": 0.0013596350327134132
      }
    },
    "semantic_same_cat": {
      "1": {
        "mean": 0.9941052010426155,
        "std": 0.0020580016215747915
      },
      "2": {
        "mean": 0.9944780507913002,
        "std": 0.0019753246610542496
      },
      "3": {
        "mean": 0.9949454300678693,
        "std": 0.0018825102167313737
      },
      "4": {
        "mean": 0.995517021876115,
        "std": 0.0018152794427786364
      },
      "5": {
        "mean": 0.9962821632623673,
        "std": 0.0017406595757260151
      },
      "6": {
        "mean": 0.9971330929260988,
        "std": 0.001693166954939475
      },
      "7": {
        "mean": 0.9980200396134303,
        "std": 0.0016021028516966936
      },
      "8": {
        "mean": 0.9986345937618842,
        "std": 0.0014304147897088633
      }
    },
    "semantic_all_cat": {
      "1": {
        "mean": 0.9943342804908752,
        "std": 0.0005647456273436546
      },
      "2": {
        "mean": 0.9946842193603516,
        "std": 0.0006586204399354756
      },
      "3": {
        "mean": 0.9951168298721313,
        "std": 0.0007961072842590511
      },
      "4": {
        "mean": 0.995651364326477,
        "std": 0.0009406213066540658
      },
      "5": {
        "mean": 0.9963433146476746,
        "std": 0.0011628484353423119
      },
      "6": {
        "mean": 0.9971122145652771,
        "std": 0.0012954544508829713
      },
      "7": {
        "mean": 0.9978609681129456,
        "std": 0.0013153990730643272
      },
      "8": {
        "mean": 0.998280942440033,
        "std": 0.001311765518039465
      }
    }
  },
  "lined": {
    "mnemonic_target": {
      "1": {
        "mean": 0.9947432279586792,
        "std": 0.006245707161724567
      },
      "2": {
        "mean": 0.9950980544090271,
        "std": 0.005934098269790411
      },
      "3": {
        "mean": 0.995495617389679,
        "std": 0.005576755851507187
      },
      "4": {
        "mean": 0.9960841536521912,
        "std": 0.004804522264748812
      },
      "5": {
        "mean": 0.9967530369758606,
        "std": 0.004083800595253706
      },
      "6": {
        "mean": 0.9975951910018921,
        "std": 0.0031097913160920143
      },
      "7": {
        "mean": 0.9985012412071228,
        "std": 0.0019239153480157256
      },
      "8": {
        "mean": 0.9993600845336914,
        "std": 0.0008393112220801413
      }
    },
    "mnemonic_all": {
      "1": {
        "mean": 0.9946044683456421,
        "std": 0.00045578714343719184
      },
      "2": {
        "mean": 0.9949058890342712,
        "std": 0.0005346463294699788
      },
      "3": {
        "mean": 0.9952347874641418,
        "std": 0.0005971365608274937
      },
      "4": {
        "mean": 0.995662271976471,
        "std": 0.0007209815084934235
      },
      "5": {
        "mean": 0.9961519837379456,
        "std": 0.000831684737931937
      },
      "6": {
        "mean": 0.9967166781425476,
        "std": 0.0009066993370652199
      },
      "7": {
        "mean": 0.9972548484802246,
        "std": 0.0008696649456396699
      },
      "8": {
        "mean": 0.9975904226303101,
        "std": 0.00095414521638304
      }
    },
    "semantic_same_cat": {
      "1": {
        "mean": 0.9958545389083716,