{
  "gestalt": {
    "original": {
      "1": {
        "mean": 0.268741,
        "std": 0.118921,
        "silhouette_mean": 0.730433,
        "silhouette_std": 0.149239
      },
      "2": {
        "mean": 0.267666,
        "std": 0.118758,
        "silhouette_mean": 0.728722,
        "silhouette_std": 0.111431
      },
      "3": {
        "mean": 0.266857,
        "std": 0.117973,
        "silhouette_mean": 0.715333,
        "silhouette_std": 0.081984
      },
      "4": {
        "mean": 0.263859,
        "std": 0.114208,
        "silhouette_mean": 0.68765,
        "silhouette_std": 0.069003
      },
      "5": {
        "mean": 0.260952,
        "std": 0.10908,
        "silhouette_mean": 0.652724,
        "silhouette_std": 0.06171
      },
      "6": {
        "mean": 0.254407,
        "std": 0.103117,
        "silhouette_mean": 0.613953,
        "silhouette_std": 0.060251
      },
      "7": {
        "mean": 0.245585,
        "std": 0.094843,
        "silhouette_mean": 0.567686,
        "silhouette_std": 0.061091
      },
      "8": {
        "mean": 0.237788,
        "std": 0.084561,
        "silhouette_mean": 0.520632,
        "silhouette_std": 0.062432
      }
    },
    "gray": {
      "1": {
        "mean": 0.267808,
        "std": 0.117914,
        "silhouette_mean": 0.657218,
        "silhouette_std": 0.185025
      },
      "2": {
        "mean": 0.267557,
        "std": 0.118379,
        "silhouette_mean": 0.66848,
        "silhouette_std": 0.141298
      },
      "3": {
        "mean": 0.26627,
        "std": 0.116616,
        "silhouette_mean": 0.661535,
        "silhouette_std": 0.10833
      },
      "4": {
        "mean": 0.263652,
        "std": 0.113148,
        "silhouette_mean": 0.63896,
        "silhouette_std": 0.082933
      },
      "5": {
        "mean": 0.259526,
        "std": 0.109216,
        "silhouette_mean": 0.608779,
        "silhouette_std": 0.073632
      },
      "6": {
        "mean": 0.254209,
        "std": 0.103498,
        "silhouette_mean": 0.571576,
        "silhouette_std": 0.068146
      },
      "7": {
        "mean": 0.246019,
        "std": 0.094126,
        "silhouette_mean": 0.530955,
        "silhouette_std": 0.06678
      },
      "8": {
        "mean": 0.237671,
        "std": 0.0857,
        "silhouette_mean": 0.486813,
        "silhouette_std": 0.06682
      }
    },
    "lined": {
      "1": {
        "mean": 0.268638,
        "std": 0.118423,
        "silhouette_mean": 0.674733,
        "silhouette_std": 0.154322
      },
      "2": {
        "mean": 0.267525,
        "std": 0.119318,
        "silhouette_mean": 0.682816,
        "silhouette_std": 0.107706
      },
      "3": {
        "mean": 0.265703,
        "std": 0.117625,
        "silhouette_mean": 0.672099,
        "silhouette_std": 0.075821
      },
      "4": {
        "mean": 0.264225,
        "std": 0.114655,
        "silhouette_mean": 0.643525,
        "silhouette_std": 0.058312
      },
      "5": {
        "mean": 0.260603,
        "std": 0.110371,
        "silhouette_mean": 0.60715,
        "silhouette_std": 0.053615
      },
      "6": {
        "mean": 0.254939,
        "std": 0.105305,
        "silhouette_mean": 0.564011,
        "silhouette_std": 0.053928
      },
      "7": {
        "mean": 0.247403,
        "std": 0.097147,
        "silhouette_mean": 0.517612,
        "silhouette_std": 0.05816
      },
      "8": {
        "mean": 0.239536,
        "std": 0.087836,
        "silhouette_mean": 0.471776,
        "silhouette_std": 0.063652
      }
    }
  },
  "mnemonic": {
    "original": {
      "similarity": {
        "1": {
          "mean": 0.962975,
          "std": 0.010241
        },
        "2": {
          "mean": 0.969416,
          "std": 0.009481
        },
        "3": {
          "mean": 0.976157,
          "std": 0.00804
        },
        "4": {
          "mean": 0.982622,
          "std": 0.006191
        },
        "5": {
          "mean": 0.988012,
          "std": 0.004763
        },
        "6": {
          "mean": 0.992551,
          "std": 0.003524
        },
        "7": {
          "mean": 0.996135,
          "std": 0.002372
        },
        "8": {
          "mean": 1.0,
          "std": 0.0
        }
      },
      "retrieval": {
        "1": {
          "mean": 0.633333,
          "std": 0.043552
        },
        "2": {
          "mean": 0.769231,
          "std": 0.015702
        },
        "3": {
          "mean": 0.892308,
          "std": 0.012561
        },
        "4": {
          "mean": 0.980769,
          "std": 0.00314
        },
        "5": {
          "mean": 0.997436,
          "std": 0.001813
        },
        "6": {
          "mean": 1.0,
          "std": 0.0
        },
        "7": {
          "mean": 1.0,
          "std": 0.0
        },
        "8": {
          "mean": 1.0,
          "std": 0.0
        }
      }
    },
    "gray": {
      "similarity": {
        "1": {
          "mean": 0.964664,
          "std": 0.010133
        },
        "2": {
          "mean": 0.97005,
          "std": 0.009815
        },
        "3": {
          "mean": 0.976015,
          "std": 0.008815
        },
        "4": {
          "mean": 0.98199,
          "std": 0.007268
        },
        "5": {
          "mean": 0.987414,
          "std": 0.005601
        },
        "6": {
          "mean": 0.992264,
          "std": 0.003912
        },
        "7": {
          "mean": 0.996146,
          "std": 0.002519
        },
        "8": {
          "mean": 1.0,
          "std": 0.0
        }
      },
      "retrieval": {
        "1": {
          "mean": 0.569231,
          "std": 0.021983
        },
        "2": {
          "mean": 0.721795,
          "std": 0.031456
        },
        "3": {
          "mean": 0.846154,
          "std": 0.014391
        },
        "4": {
          "mean": 0.924359,
          "std": 0.004797
        },
        "5": {
          "mean": 0.991026,
          "std": 0.001813
        },
        "6": {
          "mean": 0.998718,
          "std": 0.001813
        },
        "7": {
          "mean": 1.0,
          "std": 0.0
        },
        "8": {
          "mean": 1.0,
          "std": 0.0
        }
      }
    },
    "lined": {
      "similarity": {
        "1": {
          "mean": 0.964126,
          "std": 0.007668
        },
        "2": {
          "mean": 0.971004,
          "std": 0.007104
        },
        "3": {
          "mean": 0.977746,
          "std": 0.005956
        },
        "4": {
          "mean": 0.983969,
          "std": 0.004846
        },
        "5": {
          "mean": 0.989307,
          "std": 0.003742
        },
        "6": {
          "mean": 0.993956,
          "std": 0.002447
        },
        "7": {
          "mean": 0.997542,
          "std": 0.001269
        },
        "8": {
          "mean": 1.0,
          "std": 0.0
        }
      },
      "retrieval": {
        "1": {
          "mean": 0.437179,
          "std": 0.02019
        },
        "2": {
          "mean": 0.576923,
          "std": 0.020593
        },
        "3": {
          "mean": 0.748718,
          "std": 0.030823
        },
        "4": {
          "mean": 0.90641,
          "std": 0.006537
        },
        "5": {
          "mean": 0.978205,
          "std": 0.003626
        },
        "6": {
          "mean": 0.997436,
          "std": 0.003626
        },
        "7": {
          "mean": 1.0,
          "std": 0.0
        },
        "8": {
          "mean": 1.0,
          "std": 0.0
        }
      }
    }
  },
  "semantic": {
    "original": {
      "prototype_acc": {
        "1": {
          "mean": 0.346154,
          "std": 0.0
        },
        "2": {
          "mean": 0.426923,
          "std": 0.0
        },
        "3": {
          "mean": 0.526923,
          "std": 0.0
        },
        "4": {
          "mean": 0.615385,
          "std": 0.0
        },
        "5": {
          "mean": 0.676923,
          "std": 0.0
        },