{
  "gestalt": {
    "original": {
      "1": {
        "mean": 0.269819,
        "std": 0.120181,
        "silhouette_mean": 0.735844,
        "silhouette_std": 0.143995
      },
      "2": {
        "mean": 0.268561,
        "std": 0.118396,
        "silhouette_mean": 0.728924,
        "silhouette_std": 0.111967
      },
      "3": {
        "mean": 0.26651,
        "std": 0.116261,
        "silhouette_mean": 0.712564,
        "silhouette_std": 0.087818
      },
      "4": {
        "mean": 0.264594,
        "std": 0.113364,
        "silhouette_mean": 0.685225,
        "silhouette_std": 0.070323
      },
      "5": {
        "mean": 0.260334,
        "std": 0.108699,
        "silhouette_mean": 0.652452,
        "silhouette_std": 0.063214
      },
      "6": {
        "mean": 0.254133,
        "std": 0.102098,
        "silhouette_mean": 0.613625,
        "silhouette_std": 0.060717
      },
      "7": {
        "mean": 0.244005,
        "std": 0.093359,
        "silhouette_mean": 0.56785,
        "silhouette_std": 0.062199
      },
      "8": {
        "mean": 0.240337,
        "std": 0.085775,
        "silhouette_mean": 0.521729,
        "silhouette_std": 0.06229
      }
    },
    "gray": {
      "1": {
        "mean": 0.268976,
        "std": 0.118268,
        "silhouette_mean": 0.652522,
        "silhouette_std": 0.187217
      },
      "2": {
        "mean": 0.266571,
        "std": 0.117469,
        "silhouette_mean": 0.676262,
        "silhouette_std": 0.131776
      },
      "3": {
        "mean": 0.266113,
        "std": 0.116035,
        "silhouette_mean": 0.666396,
        "silhouette_std": 0.10383
      },
      "4": {
        "mean": 0.262341,
        "std": 0.11183,
        "silhouette_mean": 0.639091,
        "silhouette_std": 0.08283
      },
      "5": {
        "mean": 0.259116,
        "std": 0.107379,
        "silhouette_mean": 0.607639,
        "silhouette_std": 0.072552
      },
      "6": {
        "mean": 0.254995,
        "std": 0.103393,
        "silhouette_mean": 0.571245,
        "silhouette_std": 0.07018
      },
      "7": {
        "mean": 0.244008,
        "std": 0.092606,
        "silhouette_mean": 0.53307,
        "silhouette_std": 0.066788
      },
      "8": {
        "mean": 0.237411,
        "std": 0.085664,
        "silhouette_mean": 0.49074,
        "silhouette_std": 0.065911
      }
    },
    "lined": {
      "1": {
        "mean": 0.266434,
        "std": 0.114021,
        "silhouette_mean": 0.66271,
        "silhouette_std": 0.168454
      },
      "2": {
        "mean": 0.266382,
        "std": 0.113175,
        "silhouette_mean": 0.677263,
        "silhouette_std": 0.11505
      },
      "3": {
        "mean": 0.267272,
        "std": 0.118084,
        "silhouette_mean": 0.675273,
        "silhouette_std": 0.062849
      },
      "4": {
        "mean": 0.263879,
        "std": 0.114669,
        "silhouette_mean": 0.640796,
        "silhouette_std": 0.062418
      },
      "5": {
        "mean": 0.258147,
        "std": 0.108448,
        "silhouette_mean": 0.606124,
        "silhouette_std": 0.053548
      },
      "6": {
        "mean": 0.253871,
        "std": 0.104171,
        "silhouette_mean": 0.56199,
        "silhouette_std": 0.055968
      },
      "7": {
        "mean": 0.245702,
        "std": 0.095147,
        "silhouette_mean": 0.515601,
        "silhouette_std": 0.058909
      },
      "8": {
        "mean": 0.238641,
        "std": 0.087524,
        "silhouette_mean": 0.47223,
        "silhouette_std": 0.062765
      }
    }
  },
  "mnemonic": {
    "original": {
      "similarity": {
        "1": {
          "mean": 0.963144,
          "std": 0.010278
        },
        "2": {
          "mean": 0.969156,
          "std": 0.009672
        },
        "3": {
          "mean": 0.976156,
          "std": 0.008021
        },
        "4": {
          "mean": 0.982636,
          "std": 0.006208
        },
        "5": {
          "mean": 0.987987,
          "std": 0.004925
        },
        "6": {
          "mean": 0.992629,
          "std": 0.003525
        },
        "7": {
          "mean": 0.99616,
          "std": 0.002432
        },
        "8": {
          "mean": 1.0,
          "std": 0.0
        }
      },
      "retrieval": {
        "1": {
          "mean": 0.64359,
          "std": 0.034592
        },
        "2": {
          "mean": 0.776923,
          "std": 0.011323
        },
        "3": {
          "mean": 0.910256,
          "std": 0.014161
        },
        "4": {
          "mean": 0.979487,
          "std": 0.001813
        },
        "5": {
          "mean": 0.998718,
          "std": 0.001813
        },
        "6": {
          "mean": 1.0,
          "std": 0.0
        },
        "7": {
          "mean": 1.0,
          "std": 0.0
        },
        "8": {
          "mean": 1.0,
          "std": 0.0
        }
      }
    },
    "gray": {
      "similarity": {
        "1": {
          "mean": 0.964817,
          "std": 0.009932
        },
        "2": {
          "mean": 0.969888,
          "std": 0.009843
        },
        "3": {
          "mean": 0.976062,
          "std": 0.008931
        },
        "4": {
          "mean": 0.981976,
          "std": 0.007316
        },
        "5": {
          "mean": 0.987353,
          "std": 0.005803
        },
        "6": {
          "mean": 0.992353,
          "std": 0.003902
        },
        "7": {
          "mean": 0.99622,
          "std": 0.002432
        },
        "8": {
          "mean": 1.0,
          "std": 0.0
        }
      },
      "retrieval": {
        "1": {
          "mean": 0.574359,
          "std": 0.019188
        },
        "2": {
          "mean": 0.732051,
          "std": 0.023779
        },
        "3": {
          "mean": 0.839744,
          "std": 0.018131
        },
        "4": {
          "mean": 0.926923,
          "std": 0.00314
        },
        "5": {
          "mean": 0.984615,
          "std": 0.005439
        },
        "6": {
          "mean": 0.998718,
          "std": 0.001813
        },
        "7": {
          "mean": 1.0,
          "std": 0.0
        },
        "8": {
          "mean": 1.0,
          "std": 0.0
        }
      }
    },
    "lined": {
      "similarity": {
        "1": {
          "mean": 0.964209,
          "std": 0.007783
        },
        "2": {
          "mean": 0.970709,
          "std": 0.007288
        },
        "3": {
          "mean": 0.977732,
          "std": 0.006169
        },
        "4": {
          "mean": 0.983909,
          "std": 0.005057
        },
        "5": {
          "mean": 0.989307,
          "std": 0.004045
        },
        "6": {
          "mean": 0.994056,
          "std": 0.002443
        },
        "7": {
          "mean": 0.997572,
          "std": 0.001194
        },
        "8": {
          "mean": 1.0,
          "std": 0.0
        }
      },
      "retrieval": {
        "1": {
          "mean": 0.439744,
          "std": 0.019188
        },
        "2": {
          "mean": 0.573077,
          "std": 0.006281
        },
        "3": {
          "mean": 0.753846,
          "std": 0.021983
        },
        "4": {
          "mean": 0.896154,
          "std": 0.005439
        },
        "5": {
          "mean": 0.974359,
          "std": 0.004797
        },
        "6": {
          "mean": 0.998718,
          "std": 0.001813
        },
        "7": {
          "mean": 1.0,
          "std": 0.0
        },
        "8": {
          "mean": 1.0,
          "std": 0.0
        }
      }
    }
  },
  "semantic": {
    "original": {
      "prototype_acc": {
        "1": {
          "mean": 0.375641,
          "std": 0.019188
        },
        "2": {
          "mean": 0.447436,
          "std": 0.017296
        },
        "3": {
          "mean": 0.519231,
          "std": 0.006281
        },
        "4": {
          "mean": 0.605128,
          "std": 0.010095
        },
        "5": {
          "mean": 0.657692,