{
  "original": {
    "mnemonic_target": {
      "1": {
        "mean": 0.9631439447402954,
        "std": 0.010278391651809216
      },
      "2": {
        "mean": 0.9691562652587891,
        "std": 0.009671523235738277
      },
      "3": {
        "mean": 0.976155698299408,
        "std": 0.008020497858524323
      },
      "4": {
        "mean": 0.9826361536979675,
        "std": 0.006208043545484543
      },
      "5": {
        "mean": 0.9879869818687439,
        "std": 0.004924747161567211
      },
      "6": {
        "mean": 0.9926291704177856,
        "std": 0.003525037784129381
      },
      "7": {
        "mean": 0.996160089969635,
        "std": 0.002431550994515419
      },
      "8": {
        "mean": 1.0,
        "std": 1.4291491368112474e-07
      }
    },
    "mnemonic_all": {
      "1": {
        "mean": 0.9465148448944092,
        "std": 0.005192477256059647
      },
      "2": {
        "mean": 0.9485731720924377,
        "std": 0.005638543050736189
      },
      "3": {
        "mean": 0.950880765914917,
        "std": 0.005907066166400909
      },
      "4": {
        "mean": 0.9524915814399719,
        "std": 0.006044931709766388
      },
      "5": {
        "mean": 0.9535233974456787,
        "std": 0.006275984924286604
      },
      "6": {
        "mean": 0.9538769125938416,
        "std": 0.0066101946868002415
      },
      "7": {
        "mean": 0.953955888748169,
        "std": 0.006890358868986368
      },
      "8": {
        "mean": 0.9525656700134277,
        "std": 0.007461496628820896
      }
    },
    "semantic_same_cat": {
      "1": {
        "mean": 0.9684489596348542,
        "std": 0.006755021279570499
      },
      "2": {
        "mean": 0.9711519582913473,
        "std": 0.006789197400912497
      },
      "3": {
        "mean": 0.9743237869097636,
        "std": 0.006677847545185007
      },
      "4": {
        "mean": 0.9769318929085364,
        "std": 0.0066897288199087804
      },
      "5": {
        "mean": 0.97874332849796,
        "std": 0.006793396333179745
      },
      "6": {
        "mean": 0.979803624519935,
        "std": 0.007000130552686463
      },
      "7": {
        "mean": 0.980416381588349,
        "std": 0.007277844180653917
      },
      "8": {
        "mean": 0.9799330431681413,
        "std": 0.007834099785816971
      }
    },
    "semantic_all_cat": {
      "1": {
        "mean": 0.9661141037940979,
        "std": 0.0052605196833610535
      },
      "2": {
        "mean": 0.9681134223937988,
        "std": 0.005716410931199789
      },
      "3": {
        "mean": 0.970353901386261,
        "std": 0.005991641897708178
      },
      "4": {
        "mean": 0.9718766808509827,
        "std": 0.006128844805061817
      },
      "5": {
        "mean": 0.9728374481201172,
        "std": 0.0063867452554404736
      },
      "6": {
        "mean": 0.9731339812278748,
        "std": 0.006770648527890444
      },
      "7": {
        "mean": 0.9731698632240295,
        "std": 0.007094009779393673
      },
      "8": {
        "mean": 0.971695065498352,
        "std": 0.007764380890876055
      }
    }
  },
  "gray": {
    "mnemonic_target": {
      "1": {
        "mean": 0.9648174047470093,
        "std": 0.009932033717632294
      },
      "2": {
        "mean": 0.9698875546455383,
        "std": 0.009842769242823124
      },
      "3": {
        "mean": 0.9760616421699524,
        "std": 0.008930946700274944
      },
      "4": {
        "mean": 0.9819759130477905,
        "std": 0.00731637654826045
      },
      "5": {
        "mean": 0.9873526692390442,
        "std": 0.005802670493721962
      },
      "6": {
        "mean": 0.9923525452613831,
        "std": 0.0039018411189317703
      },
      "7": {
        "mean": 0.9962201714515686,
        "std": 0.002431801287457347
      },
      "8": {
        "mean": 1.0,
        "std": 1.242242717580666e-07
      }
    },
    "mnemonic_all": {
      "1": {
        "mean": 0.9517834186553955,
        "std": 0.004882335662841797
      },
      "2": {
        "mean": 0.9535887837409973,
        "std": 0.005158407613635063
      },
      "3": {
        "mean": 0.9558663964271545,
        "std": 0.005181330256164074
      },
      "4": {
        "mean": 0.9576577544212341,
        "std": 0.005262392107397318
      },
      "5": {
        "mean": 0.9589862823486328,
        "std": 0.005454752128571272
      },
      "6": {
        "mean": 0.9597430229187012,
        "std": 0.005752625409513712
      },
      "7": {
        "mean": 0.9599996209144592,
        "std": 0.006066546775400639
      },
      "8": {
        "mean": 0.9591063857078552,
        "std": 0.006568234413862228
      }
    },
    "semantic_same_cat": {
      "1": {
        "mean": 0.9705283903158628,
        "std": 0.006432872499150948
      },
      "2": {
        "mean": 0.9729123862890097,
        "std": 0.006559907195704654
      },
      "3": {
        "mean": 0.9759352927024548,
        "std": 0.006256913777766673
      },
      "4": {
        "mean": 0.9785662447030727,
        "std": 0.006075435874360081
      },
      "5": {
        "mean": 0.9806452196377974,
        "std": 0.006069561950913187
      },
      "6": {
        "mean": 0.9821358875586437,
        "std": 0.0062950389596045115
      },
      "7": {
        "mean": 0.9830146257693951,
        "std": 0.006532419659560718
      },
      "8": {
        "mean": 0.982975557904977,
        "std": 0.006752494233509736
      }
    },
    "semantic_all_cat": {
      "1": {
        "mean": 0.9684034585952759,
        "std": 0.0049791787751019
      },
      "2": {
        "mean": 0.9701615571975708,
        "std": 0.005276579409837723
      },
      "3": {
        "mean": 0.9724059104919434,
        "std": 0.005310192238539457
      },
      "4": {
        "mean": 0.9741467237472534,
        "std": 0.005390258971601725
      },
      "5": {
        "mean": 0.9754236936569214,
        "std": 0.0056060305796563625
      },
      "6": {
        "mean": 0.976143479347229,
        "std": 0.005937925539910793
      },
      "7": {
        "mean": 0.9763716459274292,
        "std": 0.006304176989942789
      },
      "8": {
        "mean": 0.9754413962364197,
        "std": 0.006905290763825178
      }
    }
  },
  "lined": {
    "mnemonic_target": {
      "1": {
        "mean": 0.9642093777656555,
        "std": 0.007782559376209974
      },
      "2": {
        "mean": 0.9707093238830566,
        "std": 0.007288409397006035
      },
      "3": {
        "mean": 0.977732241153717,
        "std": 0.006169422063976526
      },
      "4": {
        "mean": 0.9839087128639221,
        "std": 0.005057281814515591
      },
      "5": {
        "mean": 0.9893069863319397,
        "std": 0.0040445225313305855
      },
      "6": {
        "mean": 0.9940557479858398,
        "std": 0.002443376462906599
      },
      "7": {
        "mean": 0.9975717663764954,
        "std": 0.001193635049276054
      },
      "8": {
        "mean": 1.0,
        "std": 1.2570613705520373e-07
      }
    },
    "mnemonic_all": {
      "1": {
        "mean": 0.9554225206375122,
        "std": 0.006241119932383299
      },
      "2": {
        "mean": 0.9593024253845215,
        "std": 0.006038848310709
      },
      "3": {
        "mean": 0.963407576084137,
        "std": 0.005395576357841492
      },
      "4": {
        "mean": 0.9662554264068604,
        "std": 0.005280176643282175
      },
      "5": {
        "mean": 0.9684625267982483,
        "std": 0.005185049958527088
      },
      "6": {
        "mean": 0.9701148271560669,
        "std": 0.005164828151464462
      },
      "7": {
        "mean": 0.9710296988487244,
        "std": 0.005456311162561178
      },
      "8": {
        "mean": 0.9709574580192566,
        "std": 0.0059644728899002075
      }
    },
    "semantic_same_cat": {
      "1": {
        "mean": 0.9687447999532406,
        "std": 0.00642879056831002
      },
      "2": {
        "mean": 0.9732731307928378,