{
  "gestalt": {
    "I-JEPA": {
      "1": {
        "mean": 0.32667,
        "std": 0.139639
      },
      "2": {
        "mean": 0.356596,
        "std": 0.151937
      },
      "3": {
        "mean": 0.388096,
        "std": 0.163431
      },
      "4": {
        "mean": 0.42118,
        "std": 0.177903
      },
      "5": {
        "mean": 0.47122,
        "std": 0.194514
      },
      "6": {
        "mean": 0.512412,
        "std": 0.203071
      },
      "7": {
        "mean": 0.533073,
        "std": 0.198065
      },
      "8": {
        "mean": 0.475805,
        "std": 0.189023
      }
    },
    "DINOv2": {
      "1": {
        "mean": 0.270887,
        "std": 0.103236
      },
      "2": {
        "mean": 0.267774,
        "std": 0.10294
      },
      "3": {
        "mean": 0.26665,
        "std": 0.102083
      },
      "4": {
        "mean": 0.270264,
        "std": 0.106882
      },
      "5": {
        "mean": 0.270298,
        "std": 0.107737
      },
      "6": {
        "mean": 0.270663,
        "std": 0.108763
      },
      "7": {
        "mean": 0.269711,
        "std": 0.108356
      },
      "8": {
        "mean": 0.267123,
        "std": 0.103862
      }
    },
    "ViT-supervised": {
      "1": {
        "mean": 0.279002,
        "std": 0.112631
      },
      "2": {
        "mean": 0.279466,
        "std": 0.11535
      },
      "3": {
        "mean": 0.279448,
        "std": 0.118456
      },
      "4": {
        "mean": 0.276292,
        "std": 0.116163
      },
      "5": {
        "mean": 0.267968,
        "std": 0.108501
      },
      "6": {
        "mean": 0.263522,
        "std": 0.105079
      },
      "7": {
        "mean": 0.261715,
        "std": 0.105633
      },
      "8": {
        "mean": 0.275015,
        "std": 0.118323
      }
    }
  },
  "mnemonic": {
    "I-JEPA": {
      "similarity": {
        "1": {
          "mean": 0.603697,
          "std": 0.115461
        },
        "2": {
          "mean": 0.615604,
          "std": 0.117225
        },
        "3": {
          "mean": 0.625637,
          "std": 0.117323
        },
        "4": {
          "mean": 0.640697,
          "std": 0.119655
        },
        "5": {
          "mean": 0.666157,
          "std": 0.121023
        },
        "6": {
          "mean": 0.725968,
          "std": 0.121295
        },
        "7": {
          "mean": 0.848315,
          "std": 0.095624
        },
        "8": {
          "mean": 1.0,
          "std": 0.0
        }
      },
      "retrieval": {
        "1": {
          "mean": 0.257692,
          "std": 0.437364
        },
        "2": {
          "mean": 0.276923,
          "std": 0.447478
        },
        "3": {
          "mean": 0.376923,
          "std": 0.484615
        },
        "4": {
          "mean": 0.388462,
          "std": 0.4874
        },
        "5": {
          "mean": 0.457692,
          "std": 0.498207
        },
        "6": {
          "mean": 0.557692,
          "std": 0.49666
        },
        "7": {
          "mean": 0.780769,
          "std": 0.413725
        },
        "8": {
          "mean": 1.0,
          "std": 0.0
        }
      }
    },
    "DINOv2": {
      "similarity": {
        "1": {
          "mean": 0.213305,
          "std": 0.111153
        },
        "2": {
          "mean": 0.285731,
          "std": 0.145368
        },
        "3": {
          "mean": 0.389154,
          "std": 0.171176
        },
        "4": {
          "mean": 0.518495,
          "std": 0.166714
        },
        "5": {
          "mean": 0.671198,
          "std": 0.135089
        },
        "6": {
          "mean": 0.802618,
          "std": 0.093714
        },
        "7": {
          "mean": 0.904517,
          "std": 0.044221
        },
        "8": {
          "mean": 0.985741,
          "std": 0.012289
        }
      },
      "retrieval": {
        "1": {
          "mean": 0.588462,
          "std": 0.492112
        },
        "2": {
          "mean": 0.715385,
          "std": 0.451231
        },
        "3": {
          "mean": 0.853846,
          "std": 0.35326
        },
        "4": {
          "mean": 0.961538,
          "std": 0.192308
        },
        "5": {
          "mean": 0.992308,
          "std": 0.087368
        },
        "6": {
          "mean": 0.996154,
          "std": 0.061898
        },
        "7": {
          "mean": 1.0,
          "std": 0.0
        },
        "8": {
          "mean": 1.0,
          "std": 0.0
        }
      }
    },
    "ViT-supervised": {
      "similarity": {
        "1": {
          "mean": 0.129574,
          "std": 0.08681
        },
        "2": {
          "mean": 0.156724,
          "std": 0.098132
        },
        "3": {
          "mean": 0.19827,
          "std": 0.105862
        },
        "4": {
          "mean": 0.261177,
          "std": 0.119733
        },
        "5": {
          "mean": 0.361692,
          "std": 0.134601
        },
        "6": {
          "mean": 0.521184,
          "std": 0.140852
        },
        "7": {
          "mean": 0.736832,
          "std": 0.105164
        },
        "8": {
          "mean": 0.96123,
          "std": 0.026915
        }
      },
      "retrieval": {
        "1": {
          "mean": 0.442308,
          "std": 0.49666
        },
        "2": {
          "mean": 0.496154,
          "std": 0.499985
        },
        "3": {
          "mean": 0.665385,
          "std": 0.471856
        },
        "4": {
          "mean": 0.776923,
          "std": 0.41631
        },
        "5": {
          "mean": 0.923077,
          "std": 0.266469
        },
        "6": {
          "mean": 0.992308,
          "std": 0.087368
        },
        "7": {
          "mean": 1.0,
          "std": 0.0
        },
        "8": {
          "mean": 1.0,
          "std": 0.0
        }
      }
    }
  },
  "semantic": {
    "I-JEPA": {
      "prototype_acc": {
        "1": {
          "mean": 0.338462,
          "std": 0.473186
        },
        "2": {
          "mean": 0.346154,
          "std": 0.475743
        },
        "3": {
          "mean": 0.403846,
          "std": 0.490667
        },
        "4": {
          "mean": 0.384615,
          "std": 0.486504
        },
        "5": {
          "mean": 0.384615,
          "std": 0.486504
        },
        "6": {
          "mean": 0.434615,
          "std": 0.495706
        },
        "7": {
          "mean": 0.576923,
          "std": 0.494047
        },
        "8": {
          "mean": 0.784615,
          "std": 0.411089
        }
      }
    },
    "DINOv2": {
      "prototype_acc": {
        "1": {
          "mean": 0.476923,
          "std": 0.499467
        },
        "2": {
          "mean": 0.569231,
          "std": 0.495184
        },
        "3": {
          "mean": 0.669231,
          "std": 0.47049
        },
        "4": {
          "mean": 0.8,
          "std": 0.4
        },
        "5": {
          "mean": 0.9,
          "std": 0.3
        },
        "6": {
          "mean": 0.919231,
          "std": 0.27248
        },
        "7": {
          "mean": 0.930769,
          "std": 0.253846
        },
        "8": {
          "mean": 0.965385,
          "std": 0.182804
        }
      }
    },
    "ViT-supervised": {
      "prototype_acc": {
        "1": {
          "mean": 0.373077,
          "std": 0.483622
        },
        "2": {
          "mean": 0.384615,
          "std": 0.486504
        },
        "3": {
          "mean": 0.434615,
          "std": 0.495706
        },
        "4": {
          "mean": 0.515385,
          "std": 0.499763
        },
        "5": {
          "mean": 0.6,
          "std": 0.489898
        },
        "6": {
          "mean": 0.773077,
          "std": 0.418842
        },
        "7": {
          "mean": 0.884615,
          "std": 0.319486
        },
        "8": {
          "mean": 0.938462,
          "std": 0.240315
        }
      }
    }
  }
}