{
  "gestalt": {
    "CLIP": {
      "1": {
        "mean": 0.382941,
        "std": 0.123271
      },
      "2": {
        "mean": 0.390773,
        "std": 0.122966
      },
      "3": {
        "mean": 0.401727,
        "std": 0.120414
      },
      "4": {
        "mean": 0.412835,
        "std": 0.1181
      },
      "5": {
        "mean": 0.435294,
        "std": 0.115516
      },
      "6": {
        "mean": 0.474209,
        "std": 0.117091
      },
      "7": {
        "mean": 0.523538,
        "std": 0.121058
      },
      "8": {
        "mean": 0.580675,
        "std": 0.128761
      }
    },
    "MAE": {
      "1": {
        "mean": 0.266608,
        "std": 0.1131
      },
      "2": {
        "mean": 0.266114,
        "std": 0.117529
      },
      "3": {
        "mean": 0.266268,
        "std": 0.118415
      },
      "4": {
        "mean": 0.263724,
        "std": 0.11432
      },
      "5": {
        "mean": 0.258371,
        "std": 0.107853
      },
      "6": {
        "mean": 0.253072,
        "std": 0.104074
      },
      "7": {
        "mean": 0.246263,
        "std": 0.096816
      },
      "8": {
        "mean": 0.240918,
        "std": 0.090528
      }
    },
    "DINO-v1": {
      "1": {
        "mean": 0.278594,
        "std": 0.097374
      },
      "2": {
        "mean": 0.306332,
        "std": 0.09819
      },
      "3": {
        "mean": 0.341034,
        "std": 0.102665
      },
      "4": {
        "mean": 0.385881,
        "std": 0.115337
      },
      "5": {
        "mean": 0.440777,
        "std": 0.11854
      },
      "6": {
        "mean": 0.47614,
        "std": 0.120118
      },
      "7": {
        "mean": 0.488692,
        "std": 0.118139
      },
      "8": {
        "mean": 0.489749,
        "std": 0.121551
      }
    },
    "I-JEPA": {
      "1": {
        "mean": 0.310458,
        "std": 0.118723
      },
      "2": {
        "mean": 0.309106,
        "std": 0.118164
      },
      "3": {
        "mean": 0.322033,
        "std": 0.121084
      },
      "4": {
        "mean": 0.352152,
        "std": 0.136029
      },
      "5": {
        "mean": 0.395402,
        "std": 0.154635
      },
      "6": {
        "mean": 0.426766,
        "std": 0.166985
      },
      "7": {
        "mean": 0.457236,
        "std": 0.173452
      },
      "8": {
        "mean": 0.479623,
        "std": 0.165639
      }
    },
    "DINOv2": {
      "1": {
        "mean": 0.568313,
        "std": 0.210193
      },
      "2": {
        "mean": 0.595041,
        "std": 0.209552
      },
      "3": {
        "mean": 0.619554,
        "std": 0.20499
      },
      "4": {
        "mean": 0.632463,
        "std": 0.198377
      },
      "5": {
        "mean": 0.642916,
        "std": 0.190703
      },
      "6": {
        "mean": 0.651023,
        "std": 0.18451
      },
      "7": {
        "mean": 0.653845,
        "std": 0.18027
      },
      "8": {
        "mean": 0.656633,
        "std": 0.170137
      }
    },
    "ViT-supervised": {
      "1": {
        "mean": 0.278807,
        "std": 0.108181
      },
      "2": {
        "mean": 0.280101,
        "std": 0.112002
      },
      "3": {
        "mean": 0.278202,
        "std": 0.114304
      },
      "4": {
        "mean": 0.279148,
        "std": 0.119213
      },
      "5": {
        "mean": 0.27633,
        "std": 0.116549
      },
      "6": {
        "mean": 0.275938,
        "std": 0.118229
      },
      "7": {
        "mean": 0.273336,
        "std": 0.11856
      },
      "8": {
        "mean": 0.276106,
        "std": 0.119618
      }
    }
  },
  "mnemonic": {
    "CLIP": {
      "similarity": {
        "1": {
          "mean": 0.813846,
          "std": 0.042025
        },
        "2": {
          "mean": 0.817281,
          "std": 0.04207
        },
        "3": {
          "mean": 0.821405,
          "std": 0.042295
        },
        "4": {
          "mean": 0.829225,
          "std": 0.042202
        },
        "5": {
          "mean": 0.844117,
          "std": 0.043295
        },
        "6": {
          "mean": 0.872741,
          "std": 0.044356
        },
        "7": {
          "mean": 0.92565,
          "std": 0.034199
        },
        "8": {
          "mean": 0.974707,
          "std": 0.01425
        }
      },
      "retrieval": {
        "1": {
          "mean": 0.238462,
          "std": 0.426143
        },
        "2": {
          "mean": 0.223077,
          "std": 0.41631
        },
        "3": {
          "mean": 0.273077,
          "std": 0.44554
        },
        "4": {
          "mean": 0.25,
          "std": 0.433013
        },
        "5": {
          "mean": 0.4,
          "std": 0.489898
        },
        "6": {
          "mean": 0.573077,
          "std": 0.494631
        },
        "7": {
          "mean": 0.919231,
          "std": 0.27248
        },
        "8": {
          "mean": 1.0,
          "std": 0.0
        }
      }
    },
    "MAE": {
      "similarity": {
        "1": {
          "mean": 0.964209,
          "std": 0.007783
        },
        "2": {
          "mean": 0.970709,
          "std": 0.007288
        },
        "3": {
          "mean": 0.977732,
          "std": 0.006169
        },
        "4": {
          "mean": 0.983909,
          "std": 0.005057
        },
        "5": {
          "mean": 0.989307,
          "std": 0.004045
        },
        "6": {
          "mean": 0.994056,
          "std": 0.002443
        },
        "7": {
          "mean": 0.997572,
          "std": 0.001194
        },
        "8": {
          "mean": 1.0,
          "std": 0.0
        }
      },
      "retrieval": {
        "1": {
          "mean": 0.465385,
          "std": 0.4988
        },
        "2": {
          "mean": 0.607692,
          "std": 0.488265
        },
        "3": {
          "mean": 0.75,
          "std": 0.433013
        },
        "4": {
          "mean": 0.9,
          "std": 0.3
        },
        "5": {
          "mean": 0.976923,
          "std": 0.150148
        },
        "6": {
          "mean": 1.0,
          "std": 0.0
        },
        "7": {
          "mean": 1.0,
          "std": 0.0
        },
        "8": {
          "mean": 1.0,
          "std": 0.0
        }
      }
    },
    "DINO-v1": {
      "similarity": {
        "1": {
          "mean": 0.411906,
          "std": 0.07299
        },
        "2": {
          "mean": 0.43356,
          "std": 0.07403
        },
        "3": {
          "mean": 0.462589,
          "std": 0.079861
        },
        "4": {
          "mean": 0.501134,
          "std": 0.085713
        },
        "5": {
          "mean": 0.566783,
          "std": 0.087822
        },
        "6": {
          "mean": 0.658789,
          "std": 0.080471
        },
        "7": {
          "mean": 0.793462,
          "std": 0.066955
        },
        "8": {
          "mean": 0.950446,
          "std": 0.015556
        }
      },
      "retrieval": {
        "1": {
          "mean": 0.411538,
          "std": 0.492112
        },
        "2": {
          "mean": 0.442308,
          "std": 0.49666
        },
        "3": {
          "mean": 0.496154,
          "std": 0.499985
        },
        "4": {
          "mean": 0.565385,
          "std": 0.495706
        },
        "5": {
          "mean": 0.703846,
          "std": 0.45656
        },
        "6": {
          "mean": 0.846154,
          "std": 0.360801
        },
        "7": {
          "mean": 0.984615,
          "std": 0.123077
        },
        "8": {
          "mean": 1.0,
          "std": 0.0
        }
      }
    },
    "I-JEPA": {
      "similarity": {
        "1": {
          "mean": 0.742528,
          "std": 0.090411
        },
        "2": {
          "mean": 0.739761,
          "std": 0.093942
        },
        "3": {
          "mean": 0.746728,
          "std": 0.093276
        },
        "4": {
          "mean": 0.766066,
          "std": 0.088564
        },
        "5": {
          "mean": 0.804997,