{
  "gestalt": {
    "original": {
      "1": {
        "mean": 0.299312,
        "std": 0.102963,
        "silhouette_mean": 0.122624,
        "silhouette_std": 0.010149
      },
      "2": {
        "mean": 0.307007,
        "std": 0.104294,
        "silhouette_mean": 0.120413,
        "silhouette_std": 0.009685
      },
      "3": {
        "mean": 0.313012,
        "std": 0.102956,
        "silhouette_mean": 0.120321,
        "silhouette_std": 0.009338
      },
      "4": {
        "mean": 0.318856,
        "std": 0.105621,
        "silhouette_mean": 0.120043,
        "silhouette_std": 0.010291
      },
      "5": {
        "mean": 0.330636,
        "std": 0.117211,
        "silhouette_mean": 0.119782,
        "silhouette_std": 0.010791
      },
      "6": {
        "mean": 0.352362,
        "std": 0.132762,
        "silhouette_mean": 0.122434,
        "silhouette_std": 0.01085
      },
      "7": {
        "mean": 0.416105,
        "std": 0.168569,
        "silhouette_mean": 0.125895,
        "silhouette_std": 0.011693
      },
      "8": {
        "mean": 0.475805,
        "std": 0.189023,
        "silhouette_mean": 0.12862,
        "silhouette_std": 0.012134
      }
    },
    "gray": {
      "1": {
        "mean": 0.303292,
        "std": 0.107367,
        "silhouette_mean": 0.125522,
        "silhouette_std": 0.01234
      },
      "2": {
        "mean": 0.316259,
        "std": 0.110281,
        "silhouette_mean": 0.123336,
        "silhouette_std": 0.010928
      },
      "3": {
        "mean": 0.319936,
        "std": 0.104949,
        "silhouette_mean": 0.122279,
        "silhouette_std": 0.011031
      },
      "4": {
        "mean": 0.326571,
        "std": 0.109236,
        "silhouette_mean": 0.122051,
        "silhouette_std": 0.010892
      },
      "5": {
        "mean": 0.330795,
        "std": 0.11164,
        "silhouette_mean": 0.121864,
        "silhouette_std": 0.011313
      },
      "6": {
        "mean": 0.359923,
        "std": 0.137276,
        "silhouette_mean": 0.122695,
        "silhouette_std": 0.011626
      },
      "7": {
        "mean": 0.410566,
        "std": 0.164206,
        "silhouette_mean": 0.126368,
        "silhouette_std": 0.012213
      },
      "8": {
        "mean": 0.456147,
        "std": 0.179747,
        "silhouette_mean": 0.129096,
        "silhouette_std": 0.01268
      }
    },
    "lined": {
      "1": {
        "mean": 0.30448,
        "std": 0.116583,
        "silhouette_mean": 0.128358,
        "silhouette_std": 0.010317
      },
      "2": {
        "mean": 0.316509,
        "std": 0.116766,
        "silhouette_mean": 0.126667,
        "silhouette_std": 0.009651
      },
      "3": {
        "mean": 0.328168,
        "std": 0.114763,
        "silhouette_mean": 0.126099,
        "silhouette_std": 0.008878
      },
      "4": {
        "mean": 0.342604,
        "std": 0.120811,
        "silhouette_mean": 0.126701,
        "silhouette_std": 0.009367
      },
      "5": {
        "mean": 0.355121,
        "std": 0.127298,
        "silhouette_mean": 0.127655,
        "silhouette_std": 0.010388
      },
      "6": {
        "mean": 0.38821,
        "std": 0.140753,
        "silhouette_mean": 0.130724,
        "silhouette_std": 0.011283
      },
      "7": {
        "mean": 0.428209,
        "std": 0.161269,
        "silhouette_mean": 0.135331,
        "silhouette_std": 0.012126
      },
      "8": {
        "mean": 0.479623,
        "std": 0.165639,
        "silhouette_mean": 0.139919,
        "silhouette_std": 0.012571
      }
    }
  },
  "mnemonic": {
    "original": {
      "similarity": {
        "1": {
          "mean": 0.603697,
          "std": 0.115461
        },
        "2": {
          "mean": 0.615604,
          "std": 0.117225
        },
        "3": {
          "mean": 0.625637,
          "std": 0.117323
        },
        "4": {
          "mean": 0.640697,
          "std": 0.119655
        },
        "5": {
          "mean": 0.666157,
          "std": 0.121023
        },
        "6": {
          "mean": 0.725968,
          "std": 0.121295
        },
        "7": {
          "mean": 0.848315,
          "std": 0.095624
        },
        "8": {
          "mean": 1.0,
          "std": 0.0
        }
      },
      "retrieval": {
        "1": {
          "mean": 0.269231,
          "std": 0.009421
        },
        "2": {
          "mean": 0.29359,
          "std": 0.006537
        },
        "3": {
          "mean": 0.323077,
          "std": 0.00314
        },
        "4": {
          "mean": 0.352564,
          "std": 0.009594
        },
        "5": {
          "mean": 0.405128,
          "std": 0.009065
        },
        "6": {
          "mean": 0.524359,
          "std": 0.007903
        },
        "7": {
          "mean": 0.8,
          "std": 0.013689
        },
        "8": {
          "mean": 1.0,
          "std": 0.0
        }
      }
    },
    "gray": {
      "similarity": {
        "1": {
          "mean": 0.597619,
          "std": 0.121681
        },
        "2": {
          "mean": 0.607386,
          "std": 0.123308
        },
        "3": {
          "mean": 0.616653,
          "std": 0.123187
        },
        "4": {
          "mean": 0.630598,
          "std": 0.12395
        },
        "5": {
          "mean": 0.657138,
          "std": 0.127681
        },
        "6": {
          "mean": 0.721031,
          "std": 0.128452
        },
        "7": {
          "mean": 0.853266,
          "std": 0.098502
        },
        "8": {
          "mean": 1.0,
          "std": 0.0
        }
      },
      "retrieval": {
        "1": {
          "mean": 0.24359,
          "std": 0.009594
        },
        "2": {
          "mean": 0.25641,
          "std": 0.009594
        },
        "3": {
          "mean": 0.285897,
          "std": 0.007903
        },
        "4": {
          "mean": 0.317949,
          "std": 0.012692
        },
        "5": {
          "mean": 0.366667,
          "std": 0.011889
        },
        "6": {
          "mean": 0.473077,
          "std": 0.022646
        },
        "7": {
          "mean": 0.783333,
          "std": 0.007903
        },
        "8": {
          "mean": 1.0,
          "std": 0.0
        }
      }
    },
    "lined": {
      "similarity": {
        "1": {
          "mean": 0.742528,
          "std": 0.090411
        },
        "2": {
          "mean": 0.739761,
          "std": 0.093942
        },
        "3": {
          "mean": 0.746728,
          "std": 0.093276
        },
        "4": {
          "mean": 0.766066,
          "std": 0.088564
        },
        "5": {
          "mean": 0.804997,
          "std": 0.083056
        },
        "6": {
          "mean": 0.85851,
          "std": 0.078828
        },
        "7": {
          "mean": 0.925469,
          "std": 0.063445
        },
        "8": {
          "mean": 1.0,
          "std": 0.0
        }
      },
      "retrieval": {
        "1": {
          "mean": 0.276923,
          "std": 0.008309
        },
        "2": {
          "mean": 0.323077,
          "std": 0.006281
        },
        "3": {
          "mean": 0.365385,
          "std": 0.010879
        },
        "4": {
          "mean": 0.439744,
          "std": 0.022057
        },
        "5": {
          "mean": 0.534615,
          "std": 0.025123
        },
        "6": {
          "mean": 0.657692,
          "std": 0.006281
        },
        "7": {
          "mean": 0.846154,
          "std": 0.011323
        },
        "8": {
          "mean": 1.0,
          "std": 0.0
        }
      }
    }
  },
  "semantic": {
    "original": {
      "prototype_acc": {
        "1": {
          "mean": 0.352564,
          "std": 0.017296
        },
        "2": {
          "mean": 0.348718,
          "std": 0.011889
        },
        "3": {
          "mean": 0.370513,
          "std": 0.015491
        },
        "4": {
          "mean": 0.383333,
          "std": 0.017857
        },