{
  "gestalt": {
    "original": {
      "1": {
        "mean": 0.299234,
        "std": 0.105281,
        "silhouette_mean": 0.122187,
        "silhouette_std": 0.009898
      },
      "2": {
        "mean": 0.309672,
        "std": 0.105104,
        "silhouette_mean": 0.120718,
        "silhouette_std": 0.009195
      },
      "3": {
        "mean": 0.315791,
        "std": 0.105355,
        "silhouette_mean": 0.120307,
        "silhouette_std": 0.009262
      },
      "4": {
        "mean": 0.321389,
        "std": 0.107874,
        "silhouette_mean": 0.119653,
        "silhouette_std": 0.01013
      },
      "5": {
        "mean": 0.328262,
        "std": 0.115337,
        "silhouette_mean": 0.12001,
        "silhouette_std": 0.010816
      },
      "6": {
        "mean": 0.349856,
        "std": 0.129413,
        "silhouette_mean": 0.121976,
        "silhouette_std": 0.011384
      },
      "7": {
        "mean": 0.412907,
        "std": 0.169858,
        "silhouette_mean": 0.125387,
        "silhouette_std": 0.012025
      },
      "8": {
        "mean": 0.475807,
        "std": 0.189022,
        "silhouette_mean": 0.12862,
        "silhouette_std": 0.012134
      }
    },
    "gray": {
      "1": {
        "mean": 0.303067,
        "std": 0.106845,
        "silhouette_mean": 0.125465,
        "silhouette_std": 0.012021
      },
      "2": {
        "mean": 0.314263,
        "std": 0.109687,
        "silhouette_mean": 0.123106,
        "silhouette_std": 0.01093
      },
      "3": {
        "mean": 0.324068,
        "std": 0.110097,
        "silhouette_mean": 0.122386,
        "silhouette_std": 0.010796
      },
      "4": {
        "mean": 0.328271,
        "std": 0.111254,
        "silhouette_mean": 0.121896,
        "silhouette_std": 0.010827
      },
      "5": {
        "mean": 0.335342,
        "std": 0.119156,
        "silhouette_mean": 0.121847,
        "silhouette_std": 0.011539
      },
      "6": {
        "mean": 0.357873,
        "std": 0.136336,
        "silhouette_mean": 0.123056,
        "silhouette_std": 0.012008
      },
      "7": {
        "mean": 0.410061,
        "std": 0.164552,
        "silhouette_mean": 0.1267,
        "silhouette_std": 0.012429
      },
      "8": {
        "mean": 0.45615,
        "std": 0.179745,
        "silhouette_mean": 0.129096,
        "silhouette_std": 0.012679
      }
    },
    "lined": {
      "1": {
        "mean": 0.304329,
        "std": 0.112293,
        "silhouette_mean": 0.128502,
        "silhouette_std": 0.010165
      },
      "2": {
        "mean": 0.31667,
        "std": 0.114045,
        "silhouette_mean": 0.126749,
        "silhouette_std": 0.0095
      },
      "3": {
        "mean": 0.329857,
        "std": 0.116345,
        "silhouette_mean": 0.126625,
        "silhouette_std": 0.009095
      },
      "4": {
        "mean": 0.339273,
        "std": 0.120483,
        "silhouette_mean": 0.126563,
        "silhouette_std": 0.009788
      },
      "5": {
        "mean": 0.355562,
        "std": 0.128569,
        "silhouette_mean": 0.12784,
        "silhouette_std": 0.010431
      },
      "6": {
        "mean": 0.383649,
        "std": 0.13952,
        "silhouette_mean": 0.130441,
        "silhouette_std": 0.011682
      },
      "7": {
        "mean": 0.427162,
        "std": 0.158695,
        "silhouette_mean": 0.135315,
        "silhouette_std": 0.012384
      },
      "8": {
        "mean": 0.479623,
        "std": 0.165639,
        "silhouette_mean": 0.139919,
        "silhouette_std": 0.012571
      }
    }
  },
  "mnemonic": {
    "original": {
      "similarity": {
        "1": {
          "mean": 0.603891,
          "std": 0.116009
        },
        "2": {
          "mean": 0.615457,
          "std": 0.116565
        },
        "3": {
          "mean": 0.625677,
          "std": 0.117073
        },
        "4": {
          "mean": 0.640736,
          "std": 0.118442
        },
        "5": {
          "mean": 0.666203,
          "std": 0.12132
        },
        "6": {
          "mean": 0.724791,
          "std": 0.12275
        },
        "7": {
          "mean": 0.849515,
          "std": 0.093535
        },
        "8": {
          "mean": 1.0,
          "std": 0.0
        }
      },
      "retrieval": {
        "1": {
          "mean": 0.273077,
          "std": 0.021757
        },
        "2": {
          "mean": 0.297436,
          "std": 0.013074
        },
        "3": {
          "mean": 0.334615,
          "std": 0.008309
        },
        "4": {
          "mean": 0.357692,
          "std": 0.012561
        },
        "5": {
          "mean": 0.410256,
          "std": 0.012692
        },
        "6": {
          "mean": 0.528205,
          "std": 0.009065
        },
        "7": {
          "mean": 0.805128,
          "std": 0.012692
        },
        "8": {
          "mean": 1.0,
          "std": 0.0
        }
      }
    },
    "gray": {
      "similarity": {
        "1": {
          "mean": 0.598423,
          "std": 0.12114
        },
        "2": {
          "mean": 0.607443,
          "std": 0.121821
        },
        "3": {
          "mean": 0.616044,
          "std": 0.12255
        },
        "4": {
          "mean": 0.630919,
          "std": 0.123721
        },
        "5": {
          "mean": 0.65854,
          "std": 0.128672
        },
        "6": {
          "mean": 0.72188,
          "std": 0.129138
        },
        "7": {
          "mean": 0.854247,
          "std": 0.095314
        },
        "8": {
          "mean": 1.0,
          "std": 0.0
        }
      },
      "retrieval": {
        "1": {
          "mean": 0.24359,
          "std": 0.007252
        },
        "2": {
          "mean": 0.260256,
          "std": 0.007903
        },
        "3": {
          "mean": 0.278205,
          "std": 0.006537
        },
        "4": {
          "mean": 0.314103,
          "std": 0.011029
        },
        "5": {
          "mean": 0.369231,
          "std": 0.013689
        },
        "6": {
          "mean": 0.475641,
          "std": 0.025383
        },
        "7": {
          "mean": 0.784615,
          "std": 0.0
        },
        "8": {
          "mean": 1.0,
          "std": 0.0
        }
      }
    },
    "lined": {
      "similarity": {
        "1": {
          "mean": 0.742107,
          "std": 0.090213
        },
        "2": {
          "mean": 0.740215,
          "std": 0.093788
        },
        "3": {
          "mean": 0.746683,
          "std": 0.092729
        },
        "4": {
          "mean": 0.766286,
          "std": 0.089753
        },
        "5": {
          "mean": 0.803648,
          "std": 0.084464
        },
        "6": {
          "mean": 0.85691,
          "std": 0.078755
        },
        "7": {
          "mean": 0.925126,
          "std": 0.059577
        },
        "8": {
          "mean": 1.0,
          "std": 0.0
        }
      },
      "retrieval": {
        "1": {
          "mean": 0.276923,
          "std": 0.013689
        },
        "2": {
          "mean": 0.311538,
          "std": 0.017485
        },
        "3": {
          "mean": 0.352564,
          "std": 0.022057
        },
        "4": {
          "mean": 0.421795,
          "std": 0.03223
        },
        "5": {
          "mean": 0.528205,
          "std": 0.026709
        },
        "6": {
          "mean": 0.639744,
          "std": 0.018401
        },
        "7": {
          "mean": 0.851282,
          "std": 0.011889
        },
        "8": {
          "mean": 1.0,
          "std": 0.0
        }
      }
    }
  },
  "semantic": {
    "original": {
      "prototype_acc": {
        "1": {
          "mean": 0.353846,
          "std": 0.0
        },
        "2": {
          "mean": 0.376923,
          "std": 0.0
        },
        "3": {
          "mean": 0.4,
          "std": 0.0
        },
        "4": {
          "mean": 0.407692,
          "std": 0.0
        },
        "5": {
          "mean": 0.438462,