{
  "original": {
    "mnemonic_target": {
      "1": {
        "mean": 0.6036965250968933,
        "std": 0.1154605969786644
      },
      "2": {
        "mean": 0.6156044602394104,
        "std": 0.11722464859485626
      },
      "3": {
        "mean": 0.625637412071228,
        "std": 0.11732269823551178
      },
      "4": {
        "mean": 0.6406969428062439,
        "std": 0.11965543031692505
      },
      "5": {
        "mean": 0.6661568880081177,
        "std": 0.12102296203374863
      },
      "6": {
        "mean": 0.7259684205055237,
        "std": 0.12129543721675873
      },
      "7": {
        "mean": 0.848315417766571,
        "std": 0.09562414884567261
      },
      "8": {
        "mean": 1.0,
        "std": 8.654192384938142e-08
      }
    },
    "mnemonic_all": {
      "1": {
        "mean": 0.5671005249023438,
        "std": 0.027523795142769814
      },
      "2": {
        "mean": 0.5724983811378479,
        "std": 0.02717704139649868
      },
      "3": {
        "mean": 0.5761737823486328,
        "std": 0.02763143740594387
      },
      "4": {
        "mean": 0.5817549824714661,
        "std": 0.029708556830883026
      },
      "5": {
        "mean": 0.5915083885192871,
        "std": 0.03291378542780876
      },
      "6": {
        "mean": 0.6162503957748413,
        "std": 0.03809047117829323
      },
      "7": {
        "mean": 0.6555507183074951,
        "std": 0.04507533460855484
      },
      "8": {
        "mean": 0.650814950466156,
        "std": 0.06398531794548035
      }
    },
    "semantic_same_cat": {
      "1": {
        "mean": 0.6785945150714654,
        "std": 0.06757193927243743
      },
      "2": {
        "mean": 0.6861054016993596,
        "std": 0.06697061690492992
      },
      "3": {
        "mean": 0.691886078623625,
        "std": 0.06769399348915267
      },
      "4": {
        "mean": 0.7007071064068721,
        "std": 0.07107726751997455
      },
      "5": {
        "mean": 0.7158691830359972,
        "std": 0.07451080930596268
      },
      "6": {
        "mean": 0.7530389698652121,
        "std": 0.07409298552334236
      },
      "7": {
        "mean": 0.8193319240441689,
        "std": 0.06670118952117197
      },
      "8": {
        "mean": 0.8444800851436761,
        "std": 0.07703689889603967
      }
    },
    "semantic_all_cat": {
      "1": {
        "mean": 0.6701838374137878,
        "std": 0.03291003406047821
      },
      "2": {
        "mean": 0.6762734651565552,
        "std": 0.03254609927535057
      },
      "3": {
        "mean": 0.6803246736526489,
        "std": 0.033102814108133316
      },
      "4": {
        "mean": 0.6866121888160706,
        "std": 0.03562944754958153
      },
      "5": {
        "mean": 0.6979065537452698,
        "std": 0.039460957050323486
      },
      "6": {
        "mean": 0.7270627021789551,
        "std": 0.04548235610127449
      },
      "7": {
        "mean": 0.7734639644622803,
        "std": 0.05378663167357445
      },
      "8": {
        "mean": 0.7689799070358276,
        "std": 0.07696466147899628
      }
    }
  },
  "gray": {
    "mnemonic_target": {
      "1": {
        "mean": 0.5976192951202393,
        "std": 0.12168145924806595
      },
      "2": {
        "mean": 0.6073863506317139,
        "std": 0.12330755591392517
      },
      "3": {
        "mean": 0.6166532039642334,
        "std": 0.12318721413612366
      },
      "4": {
        "mean": 0.6305975317955017,
        "std": 0.12395011633634567
      },
      "5": {
        "mean": 0.6571380496025085,
        "std": 0.12768128514289856
      },
      "6": {
        "mean": 0.7210308909416199,
        "std": 0.12845192849636078
      },
      "7": {
        "mean": 0.8532655835151672,
        "std": 0.09850182384252548
      },
      "8": {
        "mean": 1.0,
        "std": 9.507644449513464e-08
      }
    },
    "mnemonic_all": {
      "1": {
        "mean": 0.573091447353363,
        "std": 0.026552574709057808
      },
      "2": {
        "mean": 0.5773172378540039,
        "std": 0.028182009235024452
      },
      "3": {
        "mean": 0.5797604918479919,
        "std": 0.028129803016781807
      },
      "4": {
        "mean": 0.5851355791091919,
        "std": 0.029637768864631653
      },
      "5": {
        "mean": 0.5956381559371948,
        "std": 0.03177613765001297
      },
      "6": {
        "mean": 0.6249412894248962,
        "std": 0.03683249279856682
      },
      "7": {
        "mean": 0.6628667712211609,
        "std": 0.041563231498003006
      },
      "8": {
        "mean": 0.6515359878540039,
        "std": 0.06761147081851959
      }
    },
    "semantic_same_cat": {
      "1": {
        "mean": 0.6842580281771147,
        "std": 0.06524857391971568
      },
      "2": {
        "mean": 0.6901141455540291,
        "std": 0.06556843153760085
      },
      "3": {
        "mean": 0.6946601241827011,
        "std": 0.06569474744789411
      },
      "4": {
        "mean": 0.7032293986815673,
        "std": 0.06910782595775025
      },
      "5": {
        "mean": 0.7193073735787319,
        "std": 0.07376375655871756
      },
      "6": {
        "mean": 0.762746064708783,
        "std": 0.07395365369671685
      },
      "7": {
        "mean": 0.8290988461329387,
        "std": 0.06394231465628553
      },
      "8": {
        "mean": 0.8446269856049464,
        "std": 0.07832576349080886
      }
    },
    "semantic_all_cat": {
      "1": {
        "mean": 0.6781500577926636,
        "std": 0.03190086781978607
      },
      "2": {
        "mean": 0.6827924251556396,
        "std": 0.0339152030646801
      },
      "3": {
        "mean": 0.6854070425033569,
        "std": 0.033943068236112595
      },
      "4": {
        "mean": 0.6914825439453125,
        "std": 0.035693783313035965
      },
      "5": {
        "mean": 0.7037520408630371,
        "std": 0.03825705870985985
      },
      "6": {
        "mean": 0.7383383512496948,
        "std": 0.044387590140104294
      },
      "7": {
        "mean": 0.7826551795005798,
        "std": 0.05014194920659065
      },
      "8": {
        "mean": 0.7694452404975891,
        "std": 0.08190076798200607
      }
    }
  },
  "lined": {
    "mnemonic_target": {
      "1": {
        "mean": 0.7425280213356018,
        "std": 0.09041056782007217
      },
      "2": {
        "mean": 0.7397608160972595,
        "std": 0.09394223988056183
      },
      "3": {
        "mean": 0.7467276453971863,
        "std": 0.09327574074268341
      },
      "4": {
        "mean": 0.7660658955574036,
        "std": 0.08856354653835297
      },
      "5": {
        "mean": 0.8049972653388977,
        "std": 0.08305644243955612
      },
      "6": {
        "mean": 0.8585101962089539,
        "std": 0.07882802188396454
      },
      "7": {
        "mean": 0.9254686236381531,
        "std": 0.06344494223594666
      },
      "8": {
        "mean": 1.0,
        "std": 1.1092423335412605e-07
      }
    },
    "mnemonic_all": {
      "1": {
        "mean": 0.7167142629623413,
        "std": 0.04567720741033554
      },
      "2": {
        "mean": 0.7088855504989624,
        "std": 0.0571584478020668
      },
      "3": {
        "mean": 0.7089964747428894,
        "std": 0.05783384293317795
      },
      "4": {
        "mean": 0.718470573425293,
        "std": 0.05373287573456764
      },
      "5": {
        "mean": 0.7429114580154419,
        "std": 0.04615343362092972
      },
      "6": {
        "mean": 0.7727564573287964,
        "std": 0.04242153838276863
      },
      "7": {
        "mean": 0.7978358268737793,
        "std": 0.04343186318874359
      },
      "8": {
        "mean": 0.7983468174934387,
        "std": 0.0619734562933445
      }
    },
    "semantic_same_cat": {
      "1": {
        "mean": 0.7904274777724193,
        "std": 0.05268928758595014
      },
      "2": {
        "mean": 0.7837416949180457,
        "std": 0.06358610988374973
      },