{
  "gestalt": {
    "CLIP": {
      "1": {
        "mean": 0.389766,
        "std": 0.125363,
        "silhouette_mean": 0.620209,
        "silhouette_std": 0.010864
      },
      "2": {
        "mean": 0.399656,
        "std": 0.125522,
        "silhouette_mean": 0.619482,
        "silhouette_std": 0.013207
      },
      "3": {
        "mean": 0.413077,
        "std": 0.124146,
        "silhouette_mean": 0.619504,
        "silhouette_std": 0.015658
      },
      "4": {
        "mean": 0.427216,
        "std": 0.120942,
        "silhouette_mean": 0.621894,
        "silhouette_std": 0.017644
      },
      "5": {
        "mean": 0.453561,
        "std": 0.119319,
        "silhouette_mean": 0.628791,
        "silhouette_std": 0.019612
      },
      "6": {
        "mean": 0.502248,
        "std": 0.12066,
        "silhouette_mean": 0.638282,
        "silhouette_std": 0.024172
      },
      "7": {
        "mean": 0.563615,
        "std": 0.124946,
        "silhouette_mean": 0.657209,
        "silhouette_std": 0.028932
      },
      "8": {
        "mean": 0.627872,
        "std": 0.132797,
        "silhouette_mean": 0.700082,
        "silhouette_std": 0.032798
      }
    },
    "MAE": {
      "1": {
        "mean": 0.268976,
        "std": 0.118268,
        "silhouette_mean": 0.652522,
        "silhouette_std": 0.187217
      },
      "2": {
        "mean": 0.266571,
        "std": 0.117469,
        "silhouette_mean": 0.676262,
        "silhouette_std": 0.131776
      },
      "3": {
        "mean": 0.266113,
        "std": 0.116035,
        "silhouette_mean": 0.666396,
        "silhouette_std": 0.10383
      },
      "4": {
        "mean": 0.262341,
        "std": 0.11183,
        "silhouette_mean": 0.639091,
        "silhouette_std": 0.08283
      },
      "5": {
        "mean": 0.259116,
        "std": 0.107379,
        "silhouette_mean": 0.607639,
        "silhouette_std": 0.072552
      },
      "6": {
        "mean": 0.254995,
        "std": 0.103393,
        "silhouette_mean": 0.571245,
        "silhouette_std": 0.07018
      },
      "7": {
        "mean": 0.244008,
        "std": 0.092606,
        "silhouette_mean": 0.53307,
        "silhouette_std": 0.066788
      },
      "8": {
        "mean": 0.237411,
        "std": 0.085664,
        "silhouette_mean": 0.49074,
        "silhouette_std": 0.065911
      }
    },
    "DINO-v1": {
      "1": {
        "mean": 0.309306,
        "std": 0.094228,
        "silhouette_mean": 0.445767,
        "silhouette_std": 0.068062
      },
      "2": {
        "mean": 0.364388,
        "std": 0.102126,
        "silhouette_mean": 0.417587,
        "silhouette_std": 0.062284
      },
      "3": {
        "mean": 0.430406,
        "std": 0.109669,
        "silhouette_mean": 0.389341,
        "silhouette_std": 0.059333
      },
      "4": {
        "mean": 0.507199,
        "std": 0.120884,
        "silhouette_mean": 0.36085,
        "silhouette_std": 0.064058
      },
      "5": {
        "mean": 0.561802,
        "std": 0.124772,
        "silhouette_mean": 0.344714,
        "silhouette_std": 0.063618
      },
      "6": {
        "mean": 0.584265,
        "std": 0.124125,
        "silhouette_mean": 0.335692,
        "silhouette_std": 0.067581
      },
      "7": {
        "mean": 0.587499,
        "std": 0.129459,
        "silhouette_mean": 0.336329,
        "silhouette_std": 0.072843
      },
      "8": {
        "mean": 0.612443,
        "std": 0.130859,
        "silhouette_mean": 0.378978,
        "silhouette_std": 0.076538
      }
    },
    "I-JEPA": {
      "1": {
        "mean": 0.303292,
        "std": 0.107367,
        "silhouette_mean": 0.125522,
        "silhouette_std": 0.01234
      },
      "2": {
        "mean": 0.316259,
        "std": 0.110281,
        "silhouette_mean": 0.123336,
        "silhouette_std": 0.010928
      },
      "3": {
        "mean": 0.319936,
        "std": 0.104949,
        "silhouette_mean": 0.122279,
        "silhouette_std": 0.011031
      },
      "4": {
        "mean": 0.326571,
        "std": 0.109236,
        "silhouette_mean": 0.122051,
        "silhouette_std": 0.010892
      },
      "5": {
        "mean": 0.330795,
        "std": 0.11164,
        "silhouette_mean": 0.121864,
        "silhouette_std": 0.011313
      },
      "6": {
        "mean": 0.359923,
        "std": 0.137276,
        "silhouette_mean": 0.122695,
        "silhouette_std": 0.011626
      },
      "7": {
        "mean": 0.410566,
        "std": 0.164206,
        "silhouette_mean": 0.126368,
        "silhouette_std": 0.012213
      },
      "8": {
        "mean": 0.456147,
        "std": 0.179747,
        "silhouette_mean": 0.129096,
        "silhouette_std": 0.01268
      }
    },
    "ViT-supervised": {
      "1": {
        "mean": 0.380182,
        "std": 0.141032,
        "silhouette_mean": 0.187062,
        "silhouette_std": 0.023081
      },
      "2": {
        "mean": 0.383338,
        "std": 0.137898,
        "silhouette_mean": 0.186858,
        "silhouette_std": 0.024519
      },
      "3": {
        "mean": 0.394337,
        "std": 0.140113,
        "silhouette_mean": 0.190724,
        "silhouette_std": 0.025241
      },
      "4": {
        "mean": 0.393408,
        "std": 0.14193,
        "silhouette_mean": 0.189642,
        "silhouette_std": 0.025644
      },
      "5": {
        "mean": 0.40244,
        "std": 0.15164,
        "silhouette_mean": 0.188081,
        "silhouette_std": 0.026044
      },
      "6": {
        "mean": 0.419135,
        "std": 0.158985,
        "silhouette_mean": 0.189748,
        "silhouette_std": 0.032062
      },
      "7": {
        "mean": 0.43572,
        "std": 0.152052,
        "silhouette_mean": 0.207668,
        "silhouette_std": 0.031428
      },
      "8": {
        "mean": 0.485561,
        "std": 0.14287,
        "silhouette_mean": 0.269246,
        "silhouette_std": 0.037463
      }
    }
  },
  "mnemonic": {
    "CLIP": {
      "similarity": {
        "1": {
          "mean": 0.794957,
          "std": 0.044112
        },
        "2": {
          "mean": 0.799781,
          "std": 0.046095
        },
        "3": {
          "mean": 0.80566,
          "std": 0.047424
        },
        "4": {
          "mean": 0.816358,
          "std": 0.049682
        },
        "5": {
          "mean": 0.83538,
          "std": 0.051589
        },
        "6": {
          "mean": 0.87858,
          "std": 0.049595
        },
        "7": {
          "mean": 0.93596,
          "std": 0.034135
        },
        "8": {
          "mean": 0.978707,
          "std": 0.012354
        }
      },
      "retrieval": {
        "1": {
          "mean": 0.276923,
          "std": 0.011323
        },
        "2": {
          "mean": 0.305128,
          "std": 0.010095
        },
        "3": {
          "mean": 0.333333,
          "std": 0.02357
        },
        "4": {
          "mean": 0.394872,
          "std": 0.023148
        },
        "5": {
          "mean": 0.505128,
          "std": 0.02019
        },
        "6": {
          "mean": 0.774359,
          "std": 0.013074
        },
        "7": {
          "mean": 0.978205,
          "std": 0.001813
        },
        "8": {
          "mean": 1.0,
          "std": 0.0
        }
      }
    },
    "MAE": {
      "similarity": {
        "1": {
          "mean": 0.964817,
          "std": 0.009932
        },
        "2": {
          "mean": 0.969888,
          "std": 0.009843
        },
        "3": {
          "mean": 0.976062,
          "std": 0.008931
        },
        "4": {
          "mean": 0.981976,
          "std": 0.007316
        },
        "5": {
          "mean": 0.987353,
          "std": 0.005803
        },
        "6": {
          "mean": 0.992353,
          "std": 0.003902
        },
        "7": {
          "mean": 0.99622,
          "std": 0.002432
        },
        "8": {
          "mean": 1.0,
          "std": 0.0
        }
      },