{
  "gestalt": {
    "NEPA": {
      "1": {
        "mean": 0.262545,
        "std": 0.099156,
        "silhouette_mean": 0.339509,
        "silhouette_std": 0.072611
      },
      "2": {
        "mean": 0.258797,
        "std": 0.086502,
        "silhouette_mean": 0.302259,
        "silhouette_std": 0.031255
      },
      "3": {
        "mean": 0.257247,
        "std": 0.060858,
        "silhouette_mean": 0.315198,
        "silhouette_std": 0.032908
      },
      "4": {
        "mean": 0.283337,
        "std": 0.099561,
        "silhouette_mean": 0.326385,
        "silhouette_std": 0.052416
      },
      "5": {
        "mean": 0.303104,
        "std": 0.078495,
        "silhouette_mean": 0.339146,
        "silhouette_std": 0.066627
      },
      "6": {
        "mean": 0.368627,
        "std": 0.073138,
        "silhouette_mean": 0.415007,
        "silhouette_std": 0.045763
      },
      "7": {
        "mean": 0.427857,
        "std": 0.090784,
        "silhouette_mean": 0.456691,
        "silhouette_std": 0.033171
      },
      "8": {
        "mean": 0.545373,
        "std": 0.13185,
        "silhouette_mean": 0.512144,
        "silhouette_std": 0.033951
      }
    }
  },
  "mnemonic": {
    "NEPA": {
      "similarity": {
        "1": {
          "mean": 0.988245,
          "std": 0.015197
        },
        "2": {
          "mean": 0.988788,
          "std": 0.014832
        },
        "3": {
          "mean": 0.99021,
          "std": 0.013078
        },
        "4": {
          "mean": 0.990492,
          "std": 0.012621
        },
        "5": {
          "mean": 0.992528,
          "std": 0.010326
        },
        "6": {
          "mean": 0.994165,
          "std": 0.008091
        },
        "7": {
          "mean": 0.99699,
          "std": 0.003695
        },
        "8": {
          "mean": 0.998924,
          "std": 0.001378
        }
      },
      "retrieval": {
        "1": {
          "mean": 0.2,
          "std": 0.0
        },
        "2": {
          "mean": 0.2,
          "std": 0.0
        },
        "3": {
          "mean": 0.2,
          "std": 0.0
        },
        "4": {
          "mean": 0.2,
          "std": 0.0
        },
        "5": {
          "mean": 0.2,
          "std": 0.0
        },
        "6": {
          "mean": 0.2,
          "std": 0.0
        },
        "7": {
          "mean": 0.2,
          "std": 0.0
        },
        "8": {
          "mean": 0.2,
          "std": 0.0
        }
      }
    }
  },
  "semantic": {
    "NEPA": {
      "prototype_acc": {
        "1": {
          "mean": 0.6,
          "std": 0.0
        },
        "2": {
          "mean": 0.6,
          "std": 0.0
        },
        "3": {
          "mean": 0.6,
          "std": 0.0
        },
        "4": {
          "mean": 0.6,
          "std": 0.0
        },
        "5": {
          "mean": 0.6,
          "std": 0.0
        },
        "6": {
          "mean": 0.6,
          "std": 0.0
        },
        "7": {
          "mean": 0.6,
          "std": 0.0
        },
        "8": {
          "mean": 0.933333,
          "std": 0.094281
        }
      }
    }
  }
}