{
  "gestalt": {
    "CLIP": {
      "1": {
        "mean": 0.389766,
        "std": 0.125363
      },
      "2": {
        "mean": 0.399656,
        "std": 0.125522
      },
      "3": {
        "mean": 0.413077,
        "std": 0.124146
      },
      "4": {
        "mean": 0.427216,
        "std": 0.120942
      },
      "5": {
        "mean": 0.453561,
        "std": 0.119319
      },
      "6": {
        "mean": 0.502248,
        "std": 0.12066
      },
      "7": {
        "mean": 0.563615,
        "std": 0.124946
      },
      "8": {
        "mean": 0.627872,
        "std": 0.132797
      }
    },
    "MAE": {
      "1": {
        "mean": 0.268789,
        "std": 0.118767
      },
      "2": {
        "mean": 0.26642,
        "std": 0.117189
      },
      "3": {
        "mean": 0.266213,
        "std": 0.116559
      },
      "4": {
        "mean": 0.262949,
        "std": 0.111641
      },
      "5": {
        "mean": 0.258205,
        "std": 0.108232
      },
      "6": {
        "mean": 0.253168,
        "std": 0.102955
      },
      "7": {
        "mean": 0.243809,
        "std": 0.093609
      },
      "8": {
        "mean": 0.23678,
        "std": 0.084021
      }
    },
    "DINO-v1": {
      "1": {
        "mean": 0.309306,
        "std": 0.094228
      },
      "2": {
        "mean": 0.364388,
        "std": 0.102126
      },
      "3": {
        "mean": 0.430406,
        "std": 0.109669
      },
      "4": {
        "mean": 0.507135,
        "std": 0.120869
      },
      "5": {
        "mean": 0.561802,
        "std": 0.124772
      },
      "6": {
        "mean": 0.584265,
        "std": 0.124125
      },
      "7": {
        "mean": 0.587499,
        "std": 0.129459
      },
      "8": {
        "mean": 0.612443,
        "std": 0.130859
      }
    },
    "I-JEPA": {
      "1": {
        "mean": 0.317165,
        "std": 0.131519
      },
      "2": {
        "mean": 0.347308,
        "std": 0.147774
      },
      "3": {
        "mean": 0.3768,
        "std": 0.163945
      },
      "4": {
        "mean": 0.418121,
        "std": 0.177102
      },
      "5": {
        "mean": 0.465269,
        "std": 0.193808
      },
      "6": {
        "mean": 0.504669,
        "std": 0.205192
      },
      "7": {
        "mean": 0.514291,
        "std": 0.197686
      },
      "8": {
        "mean": 0.456147,
        "std": 0.179747
      }
    },
    "DINOv2": {
      "1": {
        "mean": 0.54923,
        "std": 0.204241
      },
      "2": {
        "mean": 0.578504,
        "std": 0.205052
      },
      "3": {
        "mean": 0.61355,
        "std": 0.206147
      },
      "4": {
        "mean": 0.638355,
        "std": 0.207119
      },
      "5": {
        "mean": 0.660217,
        "std": 0.202058
      },
      "6": {
        "mean": 0.672795,
        "std": 0.199326
      },
      "7": {
        "mean": 0.679168,
        "std": 0.195035
      },
      "8": {
        "mean": 0.685585,
        "std": 0.186211
      }
    },
    "ViT-supervised": {
      "1": {
        "mean": 0.279667,
        "std": 0.111884
      },
      "2": {
        "mean": 0.281982,
        "std": 0.117388
      },
      "3": {
        "mean": 0.28238,
        "std": 0.119924
      },
      "4": {
        "mean": 0.279249,
        "std": 0.119426
      },
      "5": {
        "mean": 0.27148,
        "std": 0.112363
      },
      "6": {
        "mean": 0.267393,
        "std": 0.110145
      },
      "7": {
        "mean": 0.265092,
        "std": 0.109853
      },
      "8": {
        "mean": 0.278014,
        "std": 0.121059
      }
    }
  },
  "mnemonic": {
    "CLIP": {
      "similarity": {
        "1": {
          "mean": 0.794957,
          "std": 0.044112
        },
        "2": {
          "mean": 0.799781,
          "std": 0.046095
        },
        "3": {
          "mean": 0.80566,
          "std": 0.047424
        },
        "4": {
          "mean": 0.816358,
          "std": 0.049682
        },
        "5": {
          "mean": 0.83538,
          "std": 0.051589
        },
        "6": {
          "mean": 0.87858,
          "std": 0.049595
        },
        "7": {
          "mean": 0.93596,
          "std": 0.034135
        },
        "8": {
          "mean": 0.978707,
          "std": 0.012354
        }
      },
      "retrieval": {
        "1": {
          "mean": 0.288462,
          "std": 0.453047
        },
        "2": {
          "mean": 0.288462,
          "std": 0.453047
        },
        "3": {
          "mean": 0.334615,
          "std": 0.471856
        },
        "4": {
          "mean": 0.365385,
          "std": 0.481538
        },
        "5": {
          "mean": 0.503846,
          "std": 0.499985
        },
        "6": {
          "mean": 0.776923,
          "std": 0.41631
        },
        "7": {
          "mean": 0.980769,
          "std": 0.137335
        },
        "8": {
          "mean": 1.0,
          "std": 0.0
        }
      }
    },
    "MAE": {
      "similarity": {
        "1": {
          "mean": 0.964817,
          "std": 0.009932
        },
        "2": {
          "mean": 0.969888,
          "std": 0.009843
        },
        "3": {
          "mean": 0.976062,
          "std": 0.008931
        },
        "4": {
          "mean": 0.981976,
          "std": 0.007316
        },
        "5": {
          "mean": 0.987353,
          "std": 0.005803
        },
        "6": {
          "mean": 0.992353,
          "std": 0.003902
        },
        "7": {
          "mean": 0.99622,
          "std": 0.002432
        },
        "8": {
          "mean": 1.0,
          "std": 0.0
        }
      },
      "retrieval": {
        "1": {
          "mean": 0.6,
          "std": 0.489898
        },
        "2": {
          "mean": 0.719231,
          "std": 0.449375
        },
        "3": {
          "mean": 0.846154,
          "std": 0.360801
        },
        "4": {
          "mean": 0.926923,
          "std": 0.260263
        },
        "5": {
          "mean": 0.973077,
          "std": 0.161859
        },
        "6": {
          "mean": 1.0,
          "std": 0.0
        },
        "7": {
          "mean": 1.0,
          "std": 0.0
        },
        "8": {
          "mean": 1.0,
          "std": 0.0
        }
      }
    },
    "DINO-v1": {
      "similarity": {
        "1": {
          "mean": 0.317244,
          "std": 0.089817
        },
        "2": {
          "mean": 0.33923,
          "std": 0.093719
        },
        "3": {
          "mean": 0.372465,
          "std": 0.095101
        },
        "4": {
          "mean": 0.419958,
          "std": 0.097178
        },
        "5": {
          "mean": 0.490303,
          "std": 0.102408
        },
        "6": {
          "mean": 0.59858,
          "std": 0.092737
        },
        "7": {
          "mean": 0.752161,
          "std": 0.071128
        },
        "8": {
          "mean": 0.964741,
          "std": 0.014541
        }
      },
      "retrieval": {
        "1": {
          "mean": 0.430769,
          "std": 0.495184
        },
        "2": {
          "mean": 0.461538,
          "std": 0.498519
        },
        "3": {
          "mean": 0.580769,
          "std": 0.493433
        },
        "4": {
          "mean": 0.734615,
          "std": 0.441538
        },
        "5": {
          "mean": 0.869231,
          "std": 0.337148
        },
        "6": {
          "mean": 0.969231,
          "std": 0.172692
        },
        "7": {
          "mean": 1.0,
          "std": 0.0
        },
        "8": {
          "mean": 1.0,
          "std": 0.0
        }
      }
    },
    "I-JEPA": {
      "similarity": {
        "1": {
          "mean": 0.597619,
          "std": 0.121681
        },
        "2": {
          "mean": 0.607386,
          "std": 0.123308
        },
        "3": {
          "mean": 0.616653,
          "std": 0.123187
        },
        "4": {
          "mean": 0.630598,
          "std": 0.12395
        },