{
  "gestalt": {
    "original": {
      "1": {
        "mean": 0.293692,
        "std": 0.0867,
        "silhouette_mean": 0.46337,
        "silhouette_std": 0.074582
      },
      "2": {
        "mean": 0.343907,
        "std": 0.09195,
        "silhouette_mean": 0.432722,
        "silhouette_std": 0.067175
      },
      "3": {
        "mean": 0.413221,
        "std": 0.099342,
        "silhouette_mean": 0.408578,
        "silhouette_std": 0.060976
      },
      "4": {
        "mean": 0.494004,
        "std": 0.116808,
        "silhouette_mean": 0.378019,
        "silhouette_std": 0.064971
      },
      "5": {
        "mean": 0.558528,
        "std": 0.122836,
        "silhouette_mean": 0.360483,
        "silhouette_std": 0.064787
      },
      "6": {
        "mean": 0.592416,
        "std": 0.124694,
        "silhouette_mean": 0.349822,
        "silhouette_std": 0.067959
      },
      "7": {
        "mean": 0.600549,
        "std": 0.127624,
        "silhouette_mean": 0.34755,
        "silhouette_std": 0.073025
      },
      "8": {
        "mean": 0.625173,
        "std": 0.132337,
        "silhouette_mean": 0.386664,
        "silhouette_std": 0.075111
      }
    },
    "gray": {
      "1": {
        "mean": 0.309306,
        "std": 0.094228,
        "silhouette_mean": 0.445767,
        "silhouette_std": 0.068062
      },
      "2": {
        "mean": 0.364388,
        "std": 0.102126,
        "silhouette_mean": 0.417587,
        "silhouette_std": 0.062284
      },
      "3": {
        "mean": 0.430406,
        "std": 0.109669,
        "silhouette_mean": 0.389341,
        "silhouette_std": 0.059333
      },
      "4": {
        "mean": 0.507199,
        "std": 0.120884,
        "silhouette_mean": 0.36085,
        "silhouette_std": 0.064058
      },
      "5": {
        "mean": 0.561802,
        "std": 0.124772,
        "silhouette_mean": 0.344714,
        "silhouette_std": 0.063618
      },
      "6": {
        "mean": 0.584265,
        "std": 0.124125,
        "silhouette_mean": 0.335692,
        "silhouette_std": 0.067581
      },
      "7": {
        "mean": 0.587499,
        "std": 0.129459,
        "silhouette_mean": 0.336329,
        "silhouette_std": 0.072843
      },
      "8": {
        "mean": 0.612443,
        "std": 0.130859,
        "silhouette_mean": 0.378978,
        "silhouette_std": 0.076538
      }
    },
    "lined": {
      "1": {
        "mean": 0.278594,
        "std": 0.097374,
        "silhouette_mean": 0.455802,
        "silhouette_std": 0.091778
      },
      "2": {
        "mean": 0.306332,
        "std": 0.09819,
        "silhouette_mean": 0.437047,
        "silhouette_std": 0.075358
      },
      "3": {
        "mean": 0.341047,
        "std": 0.102679,
        "silhouette_mean": 0.414507,
        "silhouette_std": 0.066006
      },
      "4": {
        "mean": 0.385881,
        "std": 0.115337,
        "silhouette_mean": 0.376142,
        "silhouette_std": 0.069744
      },
      "5": {
        "mean": 0.440771,
        "std": 0.118547,
        "silhouette_mean": 0.345853,
        "silhouette_std": 0.069028
      },
      "6": {
        "mean": 0.47614,
        "std": 0.120118,
        "silhouette_mean": 0.326344,
        "silhouette_std": 0.070972
      },
      "7": {
        "mean": 0.488692,
        "std": 0.118139,
        "silhouette_mean": 0.32346,
        "silhouette_std": 0.074901
      },
      "8": {
        "mean": 0.489743,
        "std": 0.121559,
        "silhouette_mean": 0.356671,
        "silhouette_std": 0.079865
      }
    }
  },
  "mnemonic": {
    "original": {
      "similarity": {
        "1": {
          "mean": 0.344193,
          "std": 0.086738
        },
        "2": {
          "mean": 0.370354,
          "std": 0.088975
        },
        "3": {
          "mean": 0.407048,
          "std": 0.091244
        },
        "4": {
          "mean": 0.456109,
          "std": 0.09295
        },
        "5": {
          "mean": 0.523375,
          "std": 0.098443
        },
        "6": {
          "mean": 0.623315,
          "std": 0.09063
        },
        "7": {
          "mean": 0.764978,
          "std": 0.07039
        },
        "8": {
          "mean": 0.96835,
          "std": 0.014287
        }
      },
      "retrieval": {
        "1": {
          "mean": 0.524359,
          "std": 0.019188
        },
        "2": {
          "mean": 0.596154,
          "std": 0.028263
        },
        "3": {
          "mean": 0.705128,
          "std": 0.007903
        },
        "4": {
          "mean": 0.79359,
          "std": 0.014161
        },
        "5": {
          "mean": 0.885897,
          "std": 0.011029
        },
        "6": {
          "mean": 0.967949,
          "std": 0.001813
        },
        "7": {
          "mean": 1.0,
          "std": 0.0
        },
        "8": {
          "mean": 1.0,
          "std": 0.0
        }
      }
    },
    "gray": {
      "similarity": {
        "1": {
          "mean": 0.317244,
          "std": 0.089817
        },
        "2": {
          "mean": 0.33923,
          "std": 0.093719
        },
        "3": {
          "mean": 0.372465,
          "std": 0.095101
        },
        "4": {
          "mean": 0.419958,
          "std": 0.097178
        },
        "5": {
          "mean": 0.490303,
          "std": 0.102408
        },
        "6": {
          "mean": 0.59858,
          "std": 0.092737
        },
        "7": {
          "mean": 0.752161,
          "std": 0.071128
        },
        "8": {
          "mean": 0.964741,
          "std": 0.014541
        }
      },
      "retrieval": {
        "1": {
          "mean": 0.411538,
          "std": 0.015702
        },
        "2": {
          "mean": 0.505128,
          "std": 0.015806
        },
        "3": {
          "mean": 0.607692,
          "std": 0.019612
        },
        "4": {
          "mean": 0.735897,
          "std": 0.003626
        },
        "5": {
          "mean": 0.871795,
          "std": 0.010095
        },
        "6": {
          "mean": 0.964103,
          "std": 0.006537
        },
        "7": {
          "mean": 1.0,
          "std": 0.0
        },
        "8": {
          "mean": 1.0,
          "std": 0.0
        }
      }
    },
    "lined": {
      "similarity": {
        "1": {
          "mean": 0.411906,
          "std": 0.07299
        },
        "2": {
          "mean": 0.43356,
          "std": 0.07403
        },
        "3": {
          "mean": 0.462589,
          "std": 0.079861
        },
        "4": {
          "mean": 0.501134,
          "std": 0.085713
        },
        "5": {
          "mean": 0.566783,
          "std": 0.087822
        },
        "6": {
          "mean": 0.658789,
          "std": 0.080471
        },
        "7": {
          "mean": 0.793462,
          "std": 0.066955
        },
        "8": {
          "mean": 0.950446,
          "std": 0.015556
        }
      },
      "retrieval": {
        "1": {
          "mean": 0.394872,
          "std": 0.032077
        },
        "2": {
          "mean": 0.437179,
          "std": 0.027075
        },
        "3": {
          "mean": 0.488462,
          "std": 0.029957
        },
        "4": {
          "mean": 0.571795,
          "std": 0.009594
        },
        "5": {
          "mean": 0.701282,
          "std": 0.02228
        },
        "6": {
          "mean": 0.884615,
          "std": 0.017485
        },
        "7": {
          "mean": 0.987179,
          "std": 0.007903
        },
        "8": {
          "mean": 1.0,
          "std": 0.0
        }
      }
    }
  },
  "semantic": {
    "original": {
      "prototype_acc": {
        "1": {
          "mean": 0.347436,
          "std": 0.004797
        },
        "2": {
          "mean": 0.373077,
          "std": 0.018842
        },
        "3": {
          "mean": 0.396154,
          "std": 0.011323
        },
        "4": {
          "mean": 0.469231,
          "std": 0.019612
        },