{
  "gestalt": {
    "original": {
      "1": {
        "mean": 0.29462,
        "std": 0.093422,
        "silhouette_mean": 0.459117,
        "silhouette_std": 0.078543
      },
      "2": {
        "mean": 0.34647,
        "std": 0.098372,
        "silhouette_mean": 0.432656,
        "silhouette_std": 0.067078
      },
      "3": {
        "mean": 0.418463,
        "std": 0.103202,
        "silhouette_mean": 0.406977,
        "silhouette_std": 0.061988
      },
      "4": {
        "mean": 0.498861,
        "std": 0.115873,
        "silhouette_mean": 0.376689,
        "silhouette_std": 0.063695
      },
      "5": {
        "mean": 0.560651,
        "std": 0.12153,
        "silhouette_mean": 0.358829,
        "silhouette_std": 0.065142
      },
      "6": {
        "mean": 0.59206,
        "std": 0.123954,
        "silhouette_mean": 0.34989,
        "silhouette_std": 0.068016
      },
      "7": {
        "mean": 0.59981,
        "std": 0.128143,
        "silhouette_mean": 0.348342,
        "silhouette_std": 0.072641
      },
      "8": {
        "mean": 0.625173,
        "std": 0.132337,
        "silhouette_mean": 0.386664,
        "silhouette_std": 0.075111
      }
    },
    "gray": {
      "1": {
        "mean": 0.309582,
        "std": 0.100222,
        "silhouette_mean": 0.440451,
        "silhouette_std": 0.07234
      },
      "2": {
        "mean": 0.367065,
        "std": 0.107977,
        "silhouette_mean": 0.415138,
        "silhouette_std": 0.062841
      },
      "3": {
        "mean": 0.436231,
        "std": 0.110826,
        "silhouette_mean": 0.387088,
        "silhouette_std": 0.060596
      },
      "4": {
        "mean": 0.510927,
        "std": 0.119218,
        "silhouette_mean": 0.359066,
        "silhouette_std": 0.063069
      },
      "5": {
        "mean": 0.563924,
        "std": 0.122055,
        "silhouette_mean": 0.34418,
        "silhouette_std": 0.063358
      },
      "6": {
        "mean": 0.583852,
        "std": 0.125054,
        "silhouette_mean": 0.335994,
        "silhouette_std": 0.067057
      },
      "7": {
        "mean": 0.588366,
        "std": 0.127693,
        "silhouette_mean": 0.337224,
        "silhouette_std": 0.07197
      },
      "8": {
        "mean": 0.612443,
        "std": 0.130859,
        "silhouette_mean": 0.378978,
        "silhouette_std": 0.076538
      }
    },
    "lined": {
      "1": {
        "mean": 0.279758,
        "std": 0.099392,
        "silhouette_mean": 0.452878,
        "silhouette_std": 0.096027
      },
      "2": {
        "mean": 0.306627,
        "std": 0.097756,
        "silhouette_mean": 0.441577,
        "silhouette_std": 0.072592
      },
      "3": {
        "mean": 0.340774,
        "std": 0.102726,
        "silhouette_mean": 0.414648,
        "silhouette_std": 0.063006
      },
      "4": {
        "mean": 0.392249,
        "std": 0.114719,
        "silhouette_mean": 0.376066,
        "silhouette_std": 0.065687
      },
      "5": {
        "mean": 0.441884,
        "std": 0.119509,
        "silhouette_mean": 0.345279,
        "silhouette_std": 0.067756
      },
      "6": {
        "mean": 0.474889,
        "std": 0.121081,
        "silhouette_mean": 0.325785,
        "silhouette_std": 0.071029
      },
      "7": {
        "mean": 0.490643,
        "std": 0.118923,
        "silhouette_mean": 0.323083,
        "silhouette_std": 0.074258
      },
      "8": {
        "mean": 0.489747,
        "std": 0.121553,
        "silhouette_mean": 0.356672,
        "silhouette_std": 0.079864
      }
    }
  },
  "mnemonic": {
    "original": {
      "similarity": {
        "1": {
          "mean": 0.339835,
          "std": 0.086357
        },
        "2": {
          "mean": 0.366712,
          "std": 0.090621
        },
        "3": {
          "mean": 0.402976,
          "std": 0.094375
        },
        "4": {
          "mean": 0.453657,
          "std": 0.096008
        },
        "5": {
          "mean": 0.521793,
          "std": 0.098704
        },
        "6": {
          "mean": 0.624582,
          "std": 0.093407
        },
        "7": {
          "mean": 0.766819,
          "std": 0.072294
        },
        "8": {
          "mean": 0.96835,
          "std": 0.014268
        }
      },
      "retrieval": {
        "1": {
          "mean": 0.496154,
          "std": 0.040094
        },
        "2": {
          "mean": 0.579487,
          "std": 0.039515
        },
        "3": {
          "mean": 0.683333,
          "std": 0.023148
        },
        "4": {
          "mean": 0.774359,
          "std": 0.015806
        },
        "5": {
          "mean": 0.889744,
          "std": 0.014505
        },
        "6": {
          "mean": 0.974359,
          "std": 0.007252
        },
        "7": {
          "mean": 0.998718,
          "std": 0.001813
        },
        "8": {
          "mean": 1.0,
          "std": 0.0
        }
      }
    },
    "gray": {
      "similarity": {
        "1": {
          "mean": 0.313928,
          "std": 0.090466
        },
        "2": {
          "mean": 0.335868,
          "std": 0.095772
        },
        "3": {
          "mean": 0.368264,
          "std": 0.098697
        },
        "4": {
          "mean": 0.417103,
          "std": 0.100797
        },
        "5": {
          "mean": 0.487349,
          "std": 0.102671
        },
        "6": {
          "mean": 0.598333,
          "std": 0.095252
        },
        "7": {
          "mean": 0.753627,
          "std": 0.072616
        },
        "8": {
          "mean": 0.964741,
          "std": 0.014522
        }
      },
      "retrieval": {
        "1": {
          "mean": 0.421795,
          "std": 0.007903
        },
        "2": {
          "mean": 0.488462,
          "std": 0.028263
        },
        "3": {
          "mean": 0.592308,
          "std": 0.028263
        },
        "4": {
          "mean": 0.723077,
          "std": 0.008309
        },
        "5": {
          "mean": 0.864103,
          "std": 0.011889
        },
        "6": {
          "mean": 0.969231,
          "std": 0.008309
        },
        "7": {
          "mean": 0.998718,
          "std": 0.001813
        },
        "8": {
          "mean": 1.0,
          "std": 0.0
        }
      }
    },
    "lined": {
      "similarity": {
        "1": {
          "mean": 0.412867,
          "std": 0.074506
        },
        "2": {
          "mean": 0.435155,
          "std": 0.077383
        },
        "3": {
          "mean": 0.464015,
          "std": 0.081641
        },
        "4": {
          "mean": 0.503972,
          "std": 0.084875
        },
        "5": {
          "mean": 0.566168,
          "std": 0.08818
        },
        "6": {
          "mean": 0.658272,
          "std": 0.083447
        },
        "7": {
          "mean": 0.794109,
          "std": 0.064509
        },
        "8": {
          "mean": 0.950445,
          "std": 0.015536
        }
      },
      "retrieval": {
        "1": {
          "mean": 0.403846,
          "std": 0.013689
        },
        "2": {
          "mean": 0.435897,
          "std": 0.02228
        },
        "3": {
          "mean": 0.50641,
          "std": 0.02357
        },
        "4": {
          "mean": 0.570513,
          "std": 0.022718
        },
        "5": {
          "mean": 0.716667,
          "std": 0.017296
        },
        "6": {
          "mean": 0.869231,
          "std": 0.033086
        },
        "7": {
          "mean": 0.987179,
          "std": 0.004797
        },
        "8": {
          "mean": 1.0,
          "std": 0.0
        }
      }
    }
  },
  "semantic": {
    "original": {
      "prototype_acc": {
        "1": {
          "mean": 0.373077,
          "std": 0.0
        },
        "2": {
          "mean": 0.388462,
          "std": 0.0
        },
        "3": {
          "mean": 0.426923,
          "std": 0.0
        },
        "4": {
          "mean": 0.465385,
          "std": 0.0
        },