{
  "encoders": {
    "NEPA": {
      "original": {
        "gestalt_iou": {
          "1": {
            "mean": 0.245886,
            "std": 0.077881,
            "silhouette_mean": 0.308881,
            "silhouette_std": 0.050347
          },
          "2": {
            "mean": 0.258052,
            "std": 0.087047,
            "silhouette_mean": 0.340093,
            "silhouette_std": 0.102787
          },
          "3": {
            "mean": 0.26682,
            "std": 0.051722,
            "silhouette_mean": 0.392159,
            "silhouette_std": 0.089194
          },
          "4": {
            "mean": 0.27096,
            "std": 0.065247,
            "silhouette_mean": 0.401143,
            "silhouette_std": 0.120147
          },
          "5": {
            "mean": 0.317805,
            "std": 0.060753,
            "silhouette_mean": 0.444659,
            "silhouette_std": 0.070741
          },
          "6": {
            "mean": 0.358062,
            "std": 0.077128,
            "silhouette_mean": 0.427586,
            "silhouette_std": 0.043364
          },
          "7": {
            "mean": 0.448825,
            "std": 0.077679,
            "silhouette_mean": 0.50128,
            "silhouette_std": 0.039434
          },
          "8": {
            "mean": 0.51634,
            "std": 0.1515,
            "silhouette_mean": 0.519424,
            "silhouette_std": 0.033848
          }
        },
        "mnemonic_similarity": {
          "1": {
            "mean": 0.987596,
            "std": 0.016073
          },
          "2": {
            "mean": 0.988105,
            "std": 0.015938
          },
          "3": {
            "mean": 0.989539,
            "std": 0.01419
          },
          "4": {
            "mean": 0.990323,
            "std": 0.013101
          },
          "5": {
            "mean": 0.991853,
            "std": 0.011403
          },
          "6": {
            "mean": 0.993553,
            "std": 0.009256
          },
          "7": {
            "mean": 0.996105,
            "std": 0.005633
          },
          "8": {
            "mean": 0.99898,
            "std": 0.001223
          }
        },
        "mnemonic_retrieval": {
          "1": {
            "mean": 0.2,
            "std": 0.0
          },
          "2": {
            "mean": 0.2,
            "std": 0.0
          },
          "3": {
            "mean": 0.2,
            "std": 0.0
          },
          "4": {
            "mean": 0.2,
            "std": 0.0
          },
          "5": {
            "mean": 0.2,
            "std": 0.0
          },
          "6": {
            "mean": 0.2,
            "std": 0.0
          },
          "7": {
            "mean": 0.2,
            "std": 0.0
          },
          "8": {
            "mean": 0.4,
            "std": 0.0
          }
        },
        "semantic_prototype": {
          "1": {
            "mean": 0.6,
            "std": 0.0
          },
          "2": {
            "mean": 0.6,
            "std": 0.0
          },
          "3": {
            "mean": 0.6,
            "std": 0.0
          },
          "4": {
            "mean": 0.6,
            "std": 0.0
          },
          "5": {
            "mean": 0.6,
            "std": 0.0
          },
          "6": {
            "mean": 0.6,
            "std": 0.0
          },
          "7": {
            "mean": 0.6,
            "std": 0.0
          },
          "8": {
            "mean": 0.8,
            "std": 0.0
          }
        },
        "similarity_mnemonic_target": {
          "1": {
            "mean": 0.987596,
            "std": 0.016073
          },
          "2": {
            "mean": 0.988105,
            "std": 0.015938
          },
          "3": {
            "mean": 0.989539,
            "std": 0.01419
          },
          "4": {
            "mean": 0.990323,
            "std": 0.013101
          },
          "5": {
            "mean": 0.991853,
            "std": 0.011403
          },
          "6": {
            "mean": 0.993553,
            "std": 0.009256
          },
          "7": {
            "mean": 0.996105,
            "std": 0.005633
          },
          "8": {
            "mean": 0.99898,
            "std": 0.001223
          }
        },
        "similarity_mnemonic_all": {
          "1": {
            "mean": 0.987331,
            "std": 0.000788
          },
          "2": {
            "mean": 0.9879,
            "std": 0.00052
          },
          "3": {
            "mean": 0.989003,
            "std": 0.000937
          },
          "4": {
            "mean": 0.989591,
            "std": 0.001162
          },
          "5": {
            "mean": 0.990743,
            "std": 0.00145
          },
          "6": {
            "mean": 0.991935,
            "std": 0.001772
          },
          "7": {
            "mean": 0.993236,
            "std": 0.002205
          },
          "8": {
            "mean": 0.994038,
            "std": 0.00114
          }
        },
        "similarity_semantic_same_cat": {
          "1": {
            "mean": 0.987739,
            "std": 0.014384
          },
          "2": {
            "mean": 0.988277,
            "std": 0.014256
          },
          "3": {
            "mean": 0.989681,
            "std": 0.012713
          },
          "4": {
            "mean": 0.990483,
            "std": 0.011734
          },
          "5": {
            "mean": 0.992,
            "std": 0.01023
          },
          "6": {
            "mean": 0.993641,
            "std": 0.008303
          },
          "7": {
            "mean": 0.99602,
            "std": 0.005035
          },
          "8": {
            "mean": 0.998902,
            "std": 0.001104
          }
        },
        "similarity_semantic_all_cat": {
          "1": {
            "mean": 0.327514,
            "std": 0.000309
          },
          "2": {
            "mean": 0.327736,
            "std": 0.000204
          },
          "3": {
            "mean": 0.328174,
            "std": 0.000379
          },
          "4": {
            "mean": 0.328413,
            "std": 0.000477
          },
          "5": {
            "mean": 0.328888,
            "std": 0.000615
          },
          "6": {
            "mean": 0.329394,
            "std": 0.000779
          },
          "7": {
            "mean": 0.33001,
            "std": 0.001068
          },
          "8": {
            "mean": 0.330584,
            "std": 0.000662
          }
        }
      },
      "gray": {
        "gestalt_iou": {
          "1": {
            "mean": 0.262545,
            "std": 0.099156,
            "silhouette_mean": 0.339509,
            "silhouette_std": 0.072611
          },
          "2": {
            "mean": 0.258797,
            "std": 0.086502,
            "silhouette_mean": 0.302259,
            "silhouette_std": 0.031255
          },
          "3": {
            "mean": 0.257247,
            "std": 0.060858,
            "silhouette_mean": 0.315198,
            "silhouette_std": 0.032908
          },
          "4": {
            "mean": 0.283337,
            "std": 0.099561,
            "silhouette_mean": 0.326385,
            "silhouette_std": 0.052416
          },
          "5": {
            "mean": 0.303104,
            "std": 0.078495,
            "silhouette_mean": 0.339146,
            "silhouette_std": 0.066627
          },
          "6": {
            "mean": 0.368627,
            "std": 0.073138,
            "silhouette_mean": 0.415007,
            "silhouette_std": 0.045763
          },
          "7": {
            "mean": 0.427857,
            "std": 0.090784,
            "silhouette_mean": 0.456691,
            "silhouette_std": 0.033171
          },
          "8": {
            "mean": 0.545373,
            "std": 0.13185,
            "silhouette_mean": 0.512144,
            "silhouette_std": 0.033951
          }
        },