{
  "gestalt": {
    "original": {
      "1": {
        "mean": 0.245886,
        "std": 0.077881,
        "silhouette_mean": 0.308881,
        "silhouette_std": 0.050347
      },
      "2": {
        "mean": 0.258052,
        "std": 0.087047,
        "silhouette_mean": 0.340093,
        "silhouette_std": 0.102787
      },
      "3": {
        "mean": 0.26682,
        "std": 0.051722,
        "silhouette_mean": 0.392159,
        "silhouette_std": 0.089194
      },
      "4": {
        "mean": 0.27096,
        "std": 0.065247,
        "silhouette_mean": 0.401143,
        "silhouette_std": 0.120147
      },
      "5": {
        "mean": 0.317805,
        "std": 0.060753,
        "silhouette_mean": 0.444659,
        "silhouette_std": 0.070741
      },
      "6": {
        "mean": 0.358062,
        "std": 0.077128,
        "silhouette_mean": 0.427586,
        "silhouette_std": 0.043364
      },
      "7": {
        "mean": 0.448825,
        "std": 0.077679,
        "silhouette_mean": 0.50128,
        "silhouette_std": 0.039434
      },
      "8": {
        "mean": 0.51634,
        "std": 0.1515,
        "silhouette_mean": 0.519424,
        "silhouette_std": 0.033848
      }
    },
    "gray": {
      "1": {
        "mean": 0.262545,
        "std": 0.099156,
        "silhouette_mean": 0.339509,
        "silhouette_std": 0.072611
      },
      "2": {
        "mean": 0.258797,
        "std": 0.086502,
        "silhouette_mean": 0.302259,
        "silhouette_std": 0.031255
      },
      "3": {
        "mean": 0.257247,
        "std": 0.060858,
        "silhouette_mean": 0.315198,
        "silhouette_std": 0.032908
      },
      "4": {
        "mean": 0.283337,
        "std": 0.099561,
        "silhouette_mean": 0.326385,
        "silhouette_std": 0.052416
      },
      "5": {
        "mean": 0.303104,
        "std": 0.078495,
        "silhouette_mean": 0.339146,
        "silhouette_std": 0.066627
      },
      "6": {
        "mean": 0.368627,
        "std": 0.073138,
        "silhouette_mean": 0.415007,
        "silhouette_std": 0.045763
      },
      "7": {
        "mean": 0.427857,
        "std": 0.090784,
        "silhouette_mean": 0.456691,
        "silhouette_std": 0.033171
      },
      "8": {
        "mean": 0.545373,
        "std": 0.13185,
        "silhouette_mean": 0.512144,
        "silhouette_std": 0.033951
      }
    },
    "lined": {
      "1": {
        "mean": 0.270358,
        "std": 0.118853,
        "silhouette_mean": 0.318451,
        "silhouette_std": 0.02376
      },
      "2": {
        "mean": 0.276848,
        "std": 0.128492,
        "silhouette_mean": 0.304945,
        "silhouette_std": 0.023633
      },
      "3": {
        "mean": 0.253202,
        "std": 0.06468,
        "silhouette_mean": 0.304865,
        "silhouette_std": 0.035968
      },
      "4": {
        "mean": 0.268936,
        "std": 0.059658,
        "silhouette_mean": 0.33307,
        "silhouette_std": 0.078947
      },
      "5": {
        "mean": 0.273436,
        "std": 0.07481,
        "silhouette_mean": 0.329562,
        "silhouette_std": 0.061957
      },
      "6": {
        "mean": 0.321556,
        "std": 0.09783,
        "silhouette_mean": 0.357437,
        "silhouette_std": 0.060722
      },
      "7": {
        "mean": 0.361545,
        "std": 0.094088,
        "silhouette_mean": 0.398503,
        "silhouette_std": 0.067437
      },
      "8": {
        "mean": 0.457706,
        "std": 0.119931,
        "silhouette_mean": 0.415663,
        "silhouette_std": 0.04815
      }
    }
  },
  "mnemonic": {
    "original": {
      "similarity": {
        "1": {
          "mean": 0.987596,
          "std": 0.016073
        },
        "2": {
          "mean": 0.988105,
          "std": 0.015938
        },
        "3": {
          "mean": 0.989539,
          "std": 0.01419
        },
        "4": {
          "mean": 0.990323,
          "std": 0.013101
        },
        "5": {
          "mean": 0.991853,
          "std": 0.011403
        },
        "6": {
          "mean": 0.993553,
          "std": 0.009256
        },
        "7": {
          "mean": 0.996105,
          "std": 0.005633
        },
        "8": {
          "mean": 0.99898,
          "std": 0.001223
        }
      },
      "retrieval": {
        "1": {
          "mean": 0.2,
          "std": 0.0
        },
        "2": {
          "mean": 0.2,
          "std": 0.0
        },
        "3": {
          "mean": 0.2,
          "std": 0.0
        },
        "4": {
          "mean": 0.2,
          "std": 0.0
        },
        "5": {
          "mean": 0.2,
          "std": 0.0
        },
        "6": {
          "mean": 0.2,
          "std": 0.0
        },
        "7": {
          "mean": 0.2,
          "std": 0.0
        },
        "8": {
          "mean": 0.4,
          "std": 0.0
        }
      }
    },
    "gray": {
      "similarity": {
        "1": {
          "mean": 0.988245,
          "std": 0.015197
        },
        "2": {
          "mean": 0.988788,
          "std": 0.014832
        },
        "3": {
          "mean": 0.99021,
          "std": 0.013078
        },
        "4": {
          "mean": 0.990492,
          "std": 0.012621
        },
        "5": {
          "mean": 0.992528,
          "std": 0.010326
        },
        "6": {
          "mean": 0.994165,
          "std": 0.008091
        },
        "7": {
          "mean": 0.99699,
          "std": 0.003695
        },
        "8": {
          "mean": 0.998924,
          "std": 0.001378
        }
      },
      "retrieval": {
        "1": {
          "mean": 0.2,
          "std": 0.0
        },
        "2": {
          "mean": 0.2,
          "std": 0.0
        },
        "3": {
          "mean": 0.2,
          "std": 0.0
        },
        "4": {
          "mean": 0.2,
          "std": 0.0
        },
        "5": {
          "mean": 0.2,
          "std": 0.0
        },
        "6": {
          "mean": 0.2,
          "std": 0.0
        },
        "7": {
          "mean": 0.2,
          "std": 0.0
        },
        "8": {
          "mean": 0.2,
          "std": 0.0
        }
      }
    },
    "lined": {
      "similarity": {
        "1": {
          "mean": 0.992775,
          "std": 0.007927
        },
        "2": {
          "mean": 0.993088,
          "std": 0.00809
        },
        "3": {
          "mean": 0.993326,
          "std": 0.008073
        },
        "4": {
          "mean": 0.994466,
          "std": 0.006427
        },
        "5": {
          "mean": 0.995606,
          "std": 0.005141
        },
        "6": {
          "mean": 0.996714,
          "std": 0.00324
        },
        "7": {
          "mean": 0.997925,
          "std": 0.002222
        },
        "8": {
          "mean": 0.999131,
          "std": 0.000614
        }
      },
      "retrieval": {
        "1": {
          "mean": 0.2,
          "std": 0.0
        },
        "2": {
          "mean": 0.2,
          "std": 0.0
        },
        "3": {
          "mean": 0.2,
          "std": 0.0
        },
        "4": {
          "mean": 0.2,
          "std": 0.0
        },
        "5": {
          "mean": 0.2,
          "std": 0.0
        },
        "6": {
          "mean": 0.2,
          "std": 0.0
        },
        "7": {
          "mean": 0.2,
          "std": 0.0
        },
        "8": {
          "mean": 0.4,
          "std": 0.0
        }
      }
    }
  },
  "semantic": {
    "original": {
      "prototype_acc": {
        "1": {
          "mean": 0.6,
          "std": 0.0
        },
        "2": {
          "mean": 0.6,
          "std": 0.0
        },
        "3": {
          "mean": 0.6,
          "std": 0.0
        },
        "4": {
          "mean": 0.6,
          "std": 0.0
        },
        "5": {
          "mean": 0.6,
          "std": 0.0
        },
        "6": {
          "mean": 0.6,
          "std": 0.0
        },
        "7": {
          "mean": 0.6,
          "std": 0.0
        },
        "8": {
          "mean": 0.8,