{
  "gestalt": {
    "original": {
      "1": {
        "mean": 0.285859,
        "std": 0.107209,
        "silhouette_mean": 0.326047,
        "silhouette_std": 0.051932
      },
      "2": {
        "mean": 0.281645,
        "std": 0.102864,
        "silhouette_mean": 0.336499,
        "silhouette_std": 0.070363
      },
      "3": {
        "mean": 0.283087,
        "std": 0.100524,
        "silhouette_mean": 0.354323,
        "silhouette_std": 0.077361
      },
      "4": {
        "mean": 0.30312,
        "std": 0.103129,
        "silhouette_mean": 0.373319,
        "silhouette_std": 0.083695
      },
      "5": {
        "mean": 0.339958,
        "std": 0.110552,
        "silhouette_mean": 0.393417,
        "silhouette_std": 0.084811
      },
      "6": {
        "mean": 0.397133,
        "std": 0.119182,
        "silhouette_mean": 0.418961,
        "silhouette_std": 0.080266
      },
      "7": {
        "mean": 0.463256,
        "std": 0.129299,
        "silhouette_mean": 0.450767,
        "silhouette_std": 0.081512
      },
      "8": {
        "mean": 0.554073,
        "std": 0.143227,
        "silhouette_mean": 0.510577,
        "silhouette_std": 0.084817
      }
    },
    "gray": {
      "1": {
        "mean": 0.29741,
        "std": 0.115251,
        "silhouette_mean": 0.328592,
        "silhouette_std": 0.034911
      },
      "2": {
        "mean": 0.298255,
        "std": 0.113813,
        "silhouette_mean": 0.324445,
        "silhouette_std": 0.040272
      },
      "3": {
        "mean": 0.298769,
        "std": 0.110325,
        "silhouette_mean": 0.322705,
        "silhouette_std": 0.045777
      },
      "4": {
        "mean": 0.306528,
        "std": 0.111382,
        "silhouette_mean": 0.333172,
        "silhouette_std": 0.059829
      },
      "5": {
        "mean": 0.329835,
        "std": 0.116635,
        "silhouette_mean": 0.341157,
        "silhouette_std": 0.064713
      },
      "6": {
        "mean": 0.370259,
        "std": 0.124605,
        "silhouette_mean": 0.358964,
        "silhouette_std": 0.071307
      },
      "7": {
        "mean": 0.427038,
        "std": 0.139288,
        "silhouette_mean": 0.387922,
        "silhouette_std": 0.081605
      },
      "8": {
        "mean": 0.515046,
        "std": 0.159985,
        "silhouette_mean": 0.440969,
        "silhouette_std": 0.098116
      }
    },
    "lined": {
      "1": {
        "mean": 0.294229,
        "std": 0.112985,
        "silhouette_mean": 0.328464,
        "silhouette_std": 0.043562
      },
      "2": {
        "mean": 0.294366,
        "std": 0.11031,
        "silhouette_mean": 0.320232,
        "silhouette_std": 0.043585
      },
      "3": {
        "mean": 0.294604,
        "std": 0.107265,
        "silhouette_mean": 0.320838,
        "silhouette_std": 0.055635
      },
      "4": {
        "mean": 0.300161,
        "std": 0.10395,
        "silhouette_mean": 0.326156,
        "silhouette_std": 0.063342
      },
      "5": {
        "mean": 0.31414,
        "std": 0.103169,
        "silhouette_mean": 0.33955,
        "silhouette_std": 0.070603
      },
      "6": {
        "mean": 0.339005,
        "std": 0.106156,
        "silhouette_mean": 0.361325,
        "silhouette_std": 0.074574
      },
      "7": {
        "mean": 0.375618,
        "std": 0.115226,
        "silhouette_mean": 0.389399,
        "silhouette_std": 0.076412
      },
      "8": {
        "mean": 0.427062,
        "std": 0.125011,
        "silhouette_mean": 0.427405,
        "silhouette_std": 0.075699
      }
    }
  },
  "mnemonic": {
    "original": {
      "similarity": {
        "1": {
          "mean": 0.987964,
          "std": 0.011607
        },
        "2": {
          "mean": 0.988738,
          "std": 0.010998
        },
        "3": {
          "mean": 0.989675,
          "std": 0.010154
        },
        "4": {
          "mean": 0.990866,
          "std": 0.009184
        },
        "5": {
          "mean": 0.992412,
          "std": 0.007711
        },
        "6": {
          "mean": 0.9943,
          "std": 0.005886
        },
        "7": {
          "mean": 0.996581,
          "std": 0.003651
        },
        "8": {
          "mean": 0.998802,
          "std": 0.001315
        }
      },
      "retrieval": {
        "1": {
          "mean": 0.211538,
          "std": 0.011323
        },
        "2": {
          "mean": 0.214103,
          "std": 0.006537
        },
        "3": {
          "mean": 0.220513,
          "std": 0.004797
        },
        "4": {
          "mean": 0.220513,
          "std": 0.004797
        },
        "5": {
          "mean": 0.224359,
          "std": 0.003626
        },
        "6": {
          "mean": 0.233333,
          "std": 0.006537
        },
        "7": {
          "mean": 0.260256,
          "std": 0.011889
        },
        "8": {
          "mean": 0.524359,
          "std": 0.016115
        }
      }
    },
    "gray": {
      "similarity": {
        "1": {
          "mean": 0.992578,
          "std": 0.008186
        },
        "2": {
          "mean": 0.99305,
          "std": 0.007766
        },
        "3": {
          "mean": 0.9936,
          "std": 0.007232
        },
        "4": {
          "mean": 0.994344,
          "std": 0.006472
        },
        "5": {
          "mean": 0.995337,
          "std": 0.005459
        },
        "6": {
          "mean": 0.996531,
          "std": 0.004136
        },
        "7": {
          "mean": 0.997911,
          "std": 0.002568
        },
        "8": {
          "mean": 0.999244,
          "std": 0.000989
        }
      },
      "retrieval": {
        "1": {
          "mean": 0.196154,
          "std": 0.00314
        },
        "2": {
          "mean": 0.196154,
          "std": 0.006281
        },
        "3": {
          "mean": 0.197436,
          "std": 0.007903
        },
        "4": {
          "mean": 0.201282,
          "std": 0.004797
        },
        "5": {
          "mean": 0.202564,
          "std": 0.006537
        },
        "6": {
          "mean": 0.2,
          "std": 0.00314
        },
        "7": {
          "mean": 0.2,
          "std": 0.0
        },
        "8": {
          "mean": 0.348718,
          "std": 0.007903
        }
      }
    },
    "lined": {
      "similarity": {
        "1": {
          "mean": 0.994782,
          "std": 0.006161
        },
        "2": {
          "mean": 0.995139,
          "std": 0.005846
        },
        "3": {
          "mean": 0.995549,
          "std": 0.005418
        },
        "4": {
          "mean": 0.996087,
          "std": 0.004817
        },
        "5": {
          "mean": 0.996764,
          "std": 0.00405
        },
        "6": {
          "mean": 0.997587,
          "std": 0.003137
        },
        "7": {
          "mean": 0.998489,
          "std": 0.002004
        },
        "8": {
          "mean": 0.99936,
          "std": 0.000838
        }
      },
      "retrieval": {
        "1": {
          "mean": 0.211538,
          "std": 0.008309
        },
        "2": {
          "mean": 0.212821,
          "std": 0.009065
        },
        "3": {
          "mean": 0.208974,
          "std": 0.009065
        },
        "4": {
          "mean": 0.208974,
          "std": 0.011889
        },
        "5": {
          "mean": 0.214103,
          "std": 0.010095
        },
        "6": {
          "mean": 0.214103,
          "std": 0.012692
        },
        "7": {
          "mean": 0.221795,
          "std": 0.011029
        },
        "8": {
          "mean": 0.330769,
          "std": 0.010879
        }
      }
    }
  },
  "semantic": {
    "original": {
      "prototype_acc": {
        "1": {
          "mean": 0.188462,
          "std": 0.0
        },
        "2": {
          "mean": 0.188462,
          "std": 0.0
        },
        "3": {
          "mean": 0.188462,
          "std": 0.0
        },
        "4": {
          "mean": 0.188462,
          "std": 0.0
        },