{
  "original": {
    "mnemonic_target": {
      "1": {
        "mean": 0.9875959157943726,
        "std": 0.016072601079940796
      },
      "2": {
        "mean": 0.988105297088623,
        "std": 0.01593799702823162
      },
      "3": {
        "mean": 0.9895389676094055,
        "std": 0.014190318062901497
      },
      "4": {
        "mean": 0.9903230667114258,
        "std": 0.013101007789373398
      },
      "5": {
        "mean": 0.9918532371520996,
        "std": 0.011403283104300499
      },
      "6": {
        "mean": 0.993552565574646,
        "std": 0.009256015531718731
      },
      "7": {
        "mean": 0.9961045980453491,
        "std": 0.005633276421576738
      },
      "8": {
        "mean": 0.9989797472953796,
        "std": 0.0012231252621859312
      }
    },
    "mnemonic_all": {
      "1": {
        "mean": 0.9873310327529907,
        "std": 0.0007883953512646258
      },
      "2": {
        "mean": 0.9879000782966614,
        "std": 0.0005196280544623733
      },
      "3": {
        "mean": 0.9890027046203613,
        "std": 0.0009366685408167541
      },
      "4": {
        "mean": 0.9895907640457153,
        "std": 0.0011619548313319683
      },
      "5": {
        "mean": 0.9907434582710266,
        "std": 0.0014500071993097663
      },
      "6": {
        "mean": 0.9919349551200867,
        "std": 0.0017724651843309402
      },
      "7": {
        "mean": 0.9932360649108887,
        "std": 0.002204922726377845
      },
      "8": {
        "mean": 0.9940378069877625,
        "std": 0.0011403752723708749
      }
    },
    "semantic_same_cat": {
      "1": {
        "mean": 0.9877393960952758,
        "std": 0.01438391835822922
      },
      "2": {
        "mean": 0.9882766604423523,
        "std": 0.014255814642883766
      },
      "3": {
        "mean": 0.9896810412406921,
        "std": 0.012713126063058602
      },
      "4": {
        "mean": 0.9904829382896423,
        "std": 0.011733910625278463
      },
      "5": {
        "mean": 0.9920004487037659,
        "std": 0.010229613518704739
      },
      "6": {
        "mean": 0.9936410546302795,
        "std": 0.00830261614579351
      },
      "7": {
        "mean": 0.996020495891571,
        "std": 0.0050347079408032186
      },
      "8": {
        "mean": 0.9989022016525269,
        "std": 0.0011036206143816866
      }
    },
    "semantic_all_cat": {
      "1": {
        "mean": 0.32751354575157166,
        "std": 0.0003086808428633958
      },
      "2": {
        "mean": 0.3277356028556824,
        "std": 0.0002037226513493806
      },
      "3": {
        "mean": 0.32817405462265015,
        "std": 0.0003793311771005392
      },
      "4": {
        "mean": 0.32841306924819946,
        "std": 0.0004772926331497729
      },
      "5": {
        "mean": 0.3288881480693817,
        "std": 0.0006148642278276384
      },
      "6": {
        "mean": 0.3293943405151367,
        "std": 0.0007788363145664334
      },
      "7": {
        "mean": 0.3300100266933441,
        "std": 0.001067918143235147
      },
      "8": {
        "mean": 0.33058416843414307,
        "std": 0.0006620787899009883
      }
    }
  },
  "gray": {
    "mnemonic_target": {
      "1": {
        "mean": 0.9882445335388184,
        "std": 0.015197298489511013
      },
      "2": {
        "mean": 0.9887882471084595,
        "std": 0.014832425862550735
      },
      "3": {
        "mean": 0.990209698677063,
        "std": 0.013078456744551659
      },
      "4": {
        "mean": 0.9904924631118774,
        "std": 0.012620647437870502
      },
      "5": {
        "mean": 0.9925276637077332,
        "std": 0.01032554917037487
      },
      "6": {
        "mean": 0.9941650629043579,
        "std": 0.008090529590845108
      },
      "7": {
        "mean": 0.9969903826713562,
        "std": 0.003695310326293111
      },
      "8": {
        "mean": 0.9989235997200012,
        "std": 0.0013777714921161532
      }
    },
    "mnemonic_all": {
      "1": {
        "mean": 0.9880695343017578,
        "std": 0.0005461202235892415
      },
      "2": {
        "mean": 0.9886019825935364,
        "std": 0.0006036651902832091
      },
      "3": {
        "mean": 0.9897006750106812,
        "std": 0.000946850806940347
      },
      "4": {
        "mean": 0.989904522895813,
        "std": 0.0011135583044961095
      },
      "5": {
        "mean": 0.9914799928665161,
        "std": 0.0014971569180488586
      },
      "6": {
        "mean": 0.9925494194030762,
        "std": 0.001935470150783658
      },
      "7": {
        "mean": 0.9937283396720886,
        "std": 0.002249233890324831
      },
      "8": {
        "mean": 0.9946754574775696,
        "std": 0.001177084632217884
      }
    },
    "semantic_same_cat": {
      "1": {
        "mean": 0.98839852809906,
        "std": 0.013575922039672936
      },
      "2": {
        "mean": 0.988952922821045,
        "std": 0.01324363397835814
      },
      "3": {
        "mean": 0.9903581023216248,
        "std": 0.011689406532241165
      },
      "4": {
        "mean": 0.9906505942344666,
        "std": 0.011283937676874108
      },
      "5": {
        "mean": 0.9926461338996887,
        "std": 0.009235782659242431
      },
      "6": {
        "mean": 0.9942497611045837,
        "std": 0.007237732453970194
      },
      "7": {
        "mean": 0.9969199657440185,
        "std": 0.003324163870096709
      },
      "8": {
        "mean": 0.9988444566726684,
        "std": 0.0012423085926298641
      }
    },
    "semantic_all_cat": {
      "1": {
        "mean": 0.32787391543388367,
        "std": 0.00021154226851649582
      },
      "2": {
        "mean": 0.3280840218067169,
        "std": 0.00023614730162080377
      },
      "3": {
        "mean": 0.32851895689964294,
        "std": 0.0003803801373578608
      },
      "4": {
        "mean": 0.32860106229782104,
        "std": 0.00044750457163900137
      },
      "5": {
        "mean": 0.3292432427406311,
        "std": 0.0006251525483094156
      },
      "6": {
        "mean": 0.32970094680786133,
        "std": 0.000841572938952595
      },
      "7": {
        "mean": 0.33028584718704224,
        "std": 0.0011254849378019571
      },
      "8": {
        "mean": 0.33084529638290405,
        "std": 0.0007313472451642156
      }
    }
  },
  "lined": {
    "mnemonic_target": {
      "1": {
        "mean": 0.9927747845649719,
        "std": 0.007926690392196178
      },
      "2": {
        "mean": 0.993087649345398,
        "std": 0.008090413175523281
      },
      "3": {
        "mean": 0.9933258891105652,
        "std": 0.008072675205767155
      },
      "4": {
        "mean": 0.9944664835929871,
        "std": 0.006427105516195297
      },
      "5": {
        "mean": 0.9956063032150269,
        "std": 0.005140682216733694
      },
      "6": {
        "mean": 0.9967136383056641,
        "std": 0.0032395680900663137
      },
      "7": {
        "mean": 0.9979246258735657,
        "std": 0.00222189212217927
      },
      "8": {
        "mean": 0.9991313219070435,
        "std": 0.0006135019357316196
      }
    },
    "mnemonic_all": {
      "1": {
        "mean": 0.9926439523696899,
        "std": 0.0005513787618838251
      },
      "2": {
        "mean": 0.9930713772773743,
        "std": 0.0004612556076608598
      },
      "3": {
        "mean": 0.9933355450630188,
        "std": 0.0002705888473428786
      },
      "4": {
        "mean": 0.9941447973251343,
        "std": 0.0006405189633369446
      },
      "5": {
        "mean": 0.9950393438339233,
        "std": 0.0009209754061885178
      },
      "6": {
        "mean": 0.9955610036849976,
        "std": 0.0014812793815508485
      },
      "7": {
        "mean": 0.9965605735778809,
        "std": 0.0011642522877082229
      },
      "8": {
        "mean": 0.9969519376754761,
        "std": 0.0004969311994500458
      }
    },
    "semantic_same_cat": {
      "1": {
        "mean": 0.9928150773048401,