{
  "gestalt": {
    "original": {
      "1": {
        "mean": 0.389213,
        "std": 0.127417,
        "silhouette_mean": 0.620478,
        "silhouette_std": 0.010723
      },
      "2": {
        "mean": 0.400704,
        "std": 0.127881,
        "silhouette_mean": 0.619714,
        "silhouette_std": 0.012915
      },
      "3": {
        "mean": 0.414237,
        "std": 0.128466,
        "silhouette_mean": 0.619408,
        "silhouette_std": 0.015714
      },
      "4": {
        "mean": 0.432093,
        "std": 0.12622,
        "silhouette_mean": 0.621075,
        "silhouette_std": 0.018626
      },
      "5": {
        "mean": 0.458748,
        "std": 0.124173,
        "silhouette_mean": 0.627143,
        "silhouette_std": 0.022426
      },
      "6": {
        "mean": 0.501169,
        "std": 0.125436,
        "silhouette_mean": 0.637049,
        "silhouette_std": 0.026533
      },
      "7": {
        "mean": 0.562544,
        "std": 0.131211,
        "silhouette_mean": 0.654608,
        "silhouette_std": 0.030451
      },
      "8": {
        "mean": 0.628008,
        "std": 0.139867,
        "silhouette_mean": 0.696167,
        "silhouette_std": 0.034677
      }
    },
    "gray": {
      "1": {
        "mean": 0.388646,
        "std": 0.126208,
        "silhouette_mean": 0.62061,
        "silhouette_std": 0.010806
      },
      "2": {
        "mean": 0.399609,
        "std": 0.12625,
        "silhouette_mean": 0.620123,
        "silhouette_std": 0.012658
      },
      "3": {
        "mean": 0.413918,
        "std": 0.127089,
        "silhouette_mean": 0.620126,
        "silhouette_std": 0.014925
      },
      "4": {
        "mean": 0.43154,
        "std": 0.124769,
        "silhouette_mean": 0.622054,
        "silhouette_std": 0.017664
      },
      "5": {
        "mean": 0.45855,
        "std": 0.121643,
        "silhouette_mean": 0.628553,
        "silhouette_std": 0.020899
      },
      "6": {
        "mean": 0.503061,
        "std": 0.12142,
        "silhouette_mean": 0.638533,
        "silhouette_std": 0.025087
      },
      "7": {
        "mean": 0.563769,
        "std": 0.1239,
        "silhouette_mean": 0.656916,
        "silhouette_std": 0.029099
      },
      "8": {
        "mean": 0.627872,
        "std": 0.132797,
        "silhouette_mean": 0.700082,
        "silhouette_std": 0.032798
      }
    },
    "lined": {
      "1": {
        "mean": 0.383217,
        "std": 0.123985,
        "silhouette_mean": 0.620818,
        "silhouette_std": 0.010951
      },
      "2": {
        "mean": 0.392818,
        "std": 0.123639,
        "silhouette_mean": 0.620046,
        "silhouette_std": 0.012594
      },
      "3": {
        "mean": 0.404117,
        "std": 0.123322,
        "silhouette_mean": 0.61985,
        "silhouette_std": 0.01481
      },
      "4": {
        "mean": 0.417548,
        "std": 0.121095,
        "silhouette_mean": 0.621618,
        "silhouette_std": 0.017087
      },
      "5": {
        "mean": 0.439146,
        "std": 0.117423,
        "silhouette_mean": 0.628242,
        "silhouette_std": 0.020298
      },
      "6": {
        "mean": 0.47467,
        "std": 0.116453,
        "silhouette_mean": 0.638208,
        "silhouette_std": 0.024272
      },
      "7": {
        "mean": 0.52496,
        "std": 0.12079,
        "silhouette_mean": 0.656074,
        "silhouette_std": 0.027793
      },
      "8": {
        "mean": 0.580675,
        "std": 0.128761,
        "silhouette_mean": 0.696152,
        "silhouette_std": 0.032339
      }
    }
  },
  "mnemonic": {
    "original": {
      "similarity": {
        "1": {
          "mean": 0.782682,
          "std": 0.046947
        },
        "2": {
          "mean": 0.789438,
          "std": 0.049154
        },
        "3": {
          "mean": 0.796167,
          "std": 0.051067
        },
        "4": {
          "mean": 0.808926,
          "std": 0.052129
        },
        "5": {
          "mean": 0.836174,
          "std": 0.054267
        },
        "6": {
          "mean": 0.882857,
          "std": 0.051236
        },
        "7": {
          "mean": 0.938158,
          "std": 0.033283
        },
        "8": {
          "mean": 0.981416,
          "std": 0.011931
        }
      },
      "retrieval": {
        "1": {
          "mean": 0.380769,
          "std": 0.019102
        },
        "2": {
          "mean": 0.432051,
          "std": 0.034734
        },
        "3": {
          "mean": 0.49359,
          "std": 0.015806
        },
        "4": {
          "mean": 0.578205,
          "std": 0.038376
        },
        "5": {
          "mean": 0.726923,
          "std": 0.018842
        },
        "6": {
          "mean": 0.920513,
          "std": 0.004797
        },
        "7": {
          "mean": 0.991026,
          "std": 0.001813
        },
        "8": {
          "mean": 1.0,
          "std": 0.0
        }
      }
    },
    "gray": {
      "similarity": {
        "1": {
          "mean": 0.794858,
          "std": 0.045217
        },
        "2": {
          "mean": 0.799861,
          "std": 0.046964
        },
        "3": {
          "mean": 0.805845,
          "std": 0.048093
        },
        "4": {
          "mean": 0.815783,
          "std": 0.049446
        },
        "5": {
          "mean": 0.834481,
          "std": 0.051595
        },
        "6": {
          "mean": 0.876324,
          "std": 0.050833
        },
        "7": {
          "mean": 0.934484,
          "std": 0.034572
        },
        "8": {
          "mean": 0.978707,
          "std": 0.012338
        }
      },
      "retrieval": {
        "1": {
          "mean": 0.287179,
          "std": 0.011029
        },
        "2": {
          "mean": 0.301282,
          "std": 0.004797
        },
        "3": {
          "mean": 0.344872,
          "std": 0.012692
        },
        "4": {
          "mean": 0.385897,
          "std": 0.032986
        },
        "5": {
          "mean": 0.511538,
          "std": 0.00314
        },
        "6": {
          "mean": 0.765385,
          "std": 0.008309
        },
        "7": {
          "mean": 0.976923,
          "std": 0.00314
        },
        "8": {
          "mean": 1.0,
          "std": 0.0
        }
      }
    },
    "lined": {
      "similarity": {
        "1": {
          "mean": 0.81418,
          "std": 0.042953
        },
        "2": {
          "mean": 0.817406,
          "std": 0.042923
        },
        "3": {
          "mean": 0.821403,
          "std": 0.043117
        },
        "4": {
          "mean": 0.829823,
          "std": 0.042617
        },
        "5": {
          "mean": 0.843291,
          "std": 0.042761
        },
        "6": {
          "mean": 0.87183,
          "std": 0.043425
        },
        "7": {
          "mean": 0.92477,
          "std": 0.033398
        },
        "8": {
          "mean": 0.974707,
          "std": 0.014232
        }
      },
      "retrieval": {
        "1": {
          "mean": 0.232051,
          "std": 0.006537
        },
        "2": {
          "mean": 0.25,
          "std": 0.019102
        },
        "3": {
          "mean": 0.252564,
          "std": 0.02091
        },
        "4": {
          "mean": 0.282051,
          "std": 0.019188
        },
        "5": {
          "mean": 0.376923,
          "std": 0.014391
        },
        "6": {
          "mean": 0.589744,
          "std": 0.018131
        },
        "7": {
          "mean": 0.934615,
          "std": 0.00314
        },
        "8": {
          "mean": 1.0,
          "std": 0.0
        }
      }
    }
  },
  "semantic": {
    "original": {
      "prototype_acc": {
        "1": {
          "mean": 0.388462,
          "std": 0.0
        },
        "2": {
          "mean": 0.396154,
          "std": 0.0
        },
        "3": {
          "mean": 0.403846,
          "std": 0.0
        },
        "4": {
          "mean": 0.419231,
          "std": 0.0
        },