{
  "gestalt": {
    "original": {
      "1": {
        "mean": 0.389529,
        "std": 0.126196,
        "silhouette_mean": 0.620104,
        "silhouette_std": 0.011072
      },
      "2": {
        "mean": 0.399939,
        "std": 0.126688,
        "silhouette_mean": 0.619198,
        "silhouette_std": 0.0138
      },
      "3": {
        "mean": 0.413063,
        "std": 0.125673,
        "silhouette_mean": 0.618603,
        "silhouette_std": 0.016719
      },
      "4": {
        "mean": 0.427883,
        "std": 0.122827,
        "silhouette_mean": 0.620552,
        "silhouette_std": 0.019414
      },
      "5": {
        "mean": 0.454862,
        "std": 0.122047,
        "silhouette_mean": 0.627049,
        "silhouette_std": 0.022086
      },
      "6": {
        "mean": 0.501038,
        "std": 0.124917,
        "silhouette_mean": 0.636617,
        "silhouette_std": 0.026076
      },
      "7": {
        "mean": 0.562526,
        "std": 0.133621,
        "silhouette_mean": 0.654711,
        "silhouette_std": 0.030607
      },
      "8": {
        "mean": 0.628008,
        "std": 0.139867,
        "silhouette_mean": 0.696167,
        "silhouette_std": 0.034677
      }
    },
    "gray": {
      "1": {
        "mean": 0.389766,
        "std": 0.125363,
        "silhouette_mean": 0.620209,
        "silhouette_std": 0.010864
      },
      "2": {
        "mean": 0.399656,
        "std": 0.125522,
        "silhouette_mean": 0.619482,
        "silhouette_std": 0.013207
      },
      "3": {
        "mean": 0.413077,
        "std": 0.124146,
        "silhouette_mean": 0.619504,
        "silhouette_std": 0.015658
      },
      "4": {
        "mean": 0.427216,
        "std": 0.120942,
        "silhouette_mean": 0.621894,
        "silhouette_std": 0.017644
      },
      "5": {
        "mean": 0.453561,
        "std": 0.119319,
        "silhouette_mean": 0.628791,
        "silhouette_std": 0.019612
      },
      "6": {
        "mean": 0.502248,
        "std": 0.12066,
        "silhouette_mean": 0.638282,
        "silhouette_std": 0.024172
      },
      "7": {
        "mean": 0.563615,
        "std": 0.124946,
        "silhouette_mean": 0.657209,
        "silhouette_std": 0.028932
      },
      "8": {
        "mean": 0.627872,
        "std": 0.132797,
        "silhouette_mean": 0.700082,
        "silhouette_std": 0.032798
      }
    },
    "lined": {
      "1": {
        "mean": 0.382941,
        "std": 0.123271,
        "silhouette_mean": 0.620594,
        "silhouette_std": 0.011109
      },
      "2": {
        "mean": 0.390773,
        "std": 0.122966,
        "silhouette_mean": 0.619602,
        "silhouette_std": 0.013185
      },
      "3": {
        "mean": 0.401727,
        "std": 0.120414,
        "silhouette_mean": 0.61948,
        "silhouette_std": 0.015395
      },
      "4": {
        "mean": 0.412835,
        "std": 0.1181,
        "silhouette_mean": 0.621917,
        "silhouette_std": 0.018186
      },
      "5": {
        "mean": 0.435294,
        "std": 0.115516,
        "silhouette_mean": 0.629079,
        "silhouette_std": 0.020541
      },
      "6": {
        "mean": 0.474209,
        "std": 0.117091,
        "silhouette_mean": 0.638627,
        "silhouette_std": 0.024494
      },
      "7": {
        "mean": 0.523538,
        "std": 0.121058,
        "silhouette_mean": 0.656523,
        "silhouette_std": 0.02831
      },
      "8": {
        "mean": 0.580675,
        "std": 0.128761,
        "silhouette_mean": 0.696152,
        "silhouette_std": 0.032339
      }
    }
  },
  "mnemonic": {
    "original": {
      "similarity": {
        "1": {
          "mean": 0.783081,
          "std": 0.045866
        },
        "2": {
          "mean": 0.788991,
          "std": 0.047875
        },
        "3": {
          "mean": 0.795588,
          "std": 0.049374
        },
        "4": {
          "mean": 0.811138,
          "std": 0.051973
        },
        "5": {
          "mean": 0.837649,
          "std": 0.053777
        },
        "6": {
          "mean": 0.884833,
          "std": 0.050944
        },
        "7": {
          "mean": 0.939436,
          "std": 0.033201
        },
        "8": {
          "mean": 0.981416,
          "std": 0.011947
        }
      },
      "retrieval": {
        "1": {
          "mean": 0.376923,
          "std": 0.014391
        },
        "2": {
          "mean": 0.423077,
          "std": 0.020593
        },
        "3": {
          "mean": 0.485897,
          "std": 0.014505
        },
        "4": {
          "mean": 0.582051,
          "std": 0.017857
        },
        "5": {
          "mean": 0.724359,
          "std": 0.006537
        },
        "6": {
          "mean": 0.925641,
          "std": 0.006537
        },
        "7": {
          "mean": 0.994872,
          "std": 0.001813
        },
        "8": {
          "mean": 1.0,
          "std": 0.0
        }
      }
    },
    "gray": {
      "similarity": {
        "1": {
          "mean": 0.794957,
          "std": 0.044112
        },
        "2": {
          "mean": 0.799781,
          "std": 0.046095
        },
        "3": {
          "mean": 0.80566,
          "std": 0.047424
        },
        "4": {
          "mean": 0.816358,
          "std": 0.049682
        },
        "5": {
          "mean": 0.83538,
          "std": 0.051589
        },
        "6": {
          "mean": 0.87858,
          "std": 0.049595
        },
        "7": {
          "mean": 0.93596,
          "std": 0.034135
        },
        "8": {
          "mean": 0.978707,
          "std": 0.012354
        }
      },
      "retrieval": {
        "1": {
          "mean": 0.276923,
          "std": 0.011323
        },
        "2": {
          "mean": 0.305128,
          "std": 0.010095
        },
        "3": {
          "mean": 0.333333,
          "std": 0.02357
        },
        "4": {
          "mean": 0.394872,
          "std": 0.023148
        },
        "5": {
          "mean": 0.505128,
          "std": 0.02019
        },
        "6": {
          "mean": 0.774359,
          "std": 0.013074
        },
        "7": {
          "mean": 0.978205,
          "std": 0.001813
        },
        "8": {
          "mean": 1.0,
          "std": 0.0
        }
      }
    },
    "lined": {
      "similarity": {
        "1": {
          "mean": 0.813846,
          "std": 0.042025
        },
        "2": {
          "mean": 0.817281,
          "std": 0.04207
        },
        "3": {
          "mean": 0.821405,
          "std": 0.042295
        },
        "4": {
          "mean": 0.829225,
          "std": 0.042202
        },
        "5": {
          "mean": 0.844117,
          "std": 0.043295
        },
        "6": {
          "mean": 0.872741,
          "std": 0.044356
        },
        "7": {
          "mean": 0.92565,
          "std": 0.034199
        },
        "8": {
          "mean": 0.974707,
          "std": 0.01425
        }
      },
      "retrieval": {
        "1": {
          "mean": 0.235897,
          "std": 0.015806
        },
        "2": {
          "mean": 0.246154,
          "std": 0.027377
        },
        "3": {
          "mean": 0.255128,
          "std": 0.014841
        },
        "4": {
          "mean": 0.288462,
          "std": 0.008309
        },
        "5": {
          "mean": 0.391026,
          "std": 0.004797
        },
        "6": {
          "mean": 0.605128,
          "std": 0.007903
        },
        "7": {
          "mean": 0.926923,
          "std": 0.005439
        },
        "8": {
          "mean": 1.0,
          "std": 0.0
        }
      }
    }
  },
  "semantic": {
    "original": {
      "prototype_acc": {
        "1": {
          "mean": 0.392308,
          "std": 0.008309
        },
        "2": {
          "mean": 0.391026,
          "std": 0.019944
        },
        "3": {
          "mean": 0.40641,
          "std": 0.003626
        },
        "4": {
          "mean": 0.466667,
          "std": 0.001813
        },