{
  "original": {
    "mnemonic_target": {
      "1": {
        "mean": 0.7830811738967896,
        "std": 0.04586644098162651
      },
      "2": {
        "mean": 0.78899085521698,
        "std": 0.0478752925992012
      },
      "3": {
        "mean": 0.7955877780914307,
        "std": 0.04937409609556198
      },
      "4": {
        "mean": 0.8111377358436584,
        "std": 0.05197298899292946
      },
      "5": {
        "mean": 0.8376487493515015,
        "std": 0.053777262568473816
      },
      "6": {
        "mean": 0.8848334550857544,
        "std": 0.05094420164823532
      },
      "7": {
        "mean": 0.9394358396530151,
        "std": 0.033200785517692566
      },
      "8": {
        "mean": 0.9814155697822571,
        "std": 0.011946721002459526
      }
    },
    "mnemonic_all": {
      "1": {
        "mean": 0.7566727995872498,
        "std": 0.01540190540254116
      },
      "2": {
        "mean": 0.7570153474807739,
        "std": 0.01714622601866722
      },
      "3": {
        "mean": 0.7573368549346924,
        "std": 0.018343191593885422
      },
      "4": {
        "mean": 0.7578932642936707,
        "std": 0.02073630504310131
      },
      "5": {
        "mean": 0.758034884929657,
        "std": 0.023973660543560982
      },
      "6": {
        "mean": 0.7545875906944275,
        "std": 0.027838850393891335
      },
      "7": {
        "mean": 0.7457265257835388,
        "std": 0.0278831347823143
      },
      "8": {
        "mean": 0.7398847937583923,
        "std": 0.02447262778878212
      }
    },
    "semantic_same_cat": {
      "1": {
        "mean": 0.8578241627949935,
        "std": 0.02835423049292877
      },
      "2": {
        "mean": 0.8598763154103206,
        "std": 0.029503099088453326
      },
      "3": {
        "mean": 0.8616703709730735,
        "std": 0.030495339277825537
      },
      "4": {
        "mean": 0.866218125132414,
        "std": 0.03138207229828322
      },
      "5": {
        "mean": 0.871978536935953,
        "std": 0.031983227617576195
      },
      "6": {
        "mean": 0.8792179050353858,
        "std": 0.033391849490554404
      },
      "7": {
        "mean": 0.881225374341011,
        "std": 0.032538155793617844
      },
      "8": {
        "mean": 0.8839057431771205,
        "std": 0.030249003419030595
      }
    },
    "semantic_all_cat": {
      "1": {
        "mean": 0.8515565991401672,
        "std": 0.017036467790603638
      },
      "2": {
        "mean": 0.8521232604980469,
        "std": 0.018926093354821205
      },
      "3": {
        "mean": 0.8526468873023987,
        "std": 0.020181020721793175
      },
      "4": {
        "mean": 0.8529073596000671,
        "std": 0.023203950375318527
      },
      "5": {
        "mean": 0.8525396585464478,
        "std": 0.02730395458638668
      },
      "6": {
        "mean": 0.8477878570556641,
        "std": 0.0320897214114666
      },
      "7": {
        "mean": 0.8368062973022461,
        "std": 0.032698966562747955
      },
      "8": {
        "mean": 0.8289982676506042,
        "std": 0.028624776750802994
      }
    }
  },
  "gray": {
    "mnemonic_target": {
      "1": {
        "mean": 0.7949572801589966,
        "std": 0.04411201924085617
      },
      "2": {
        "mean": 0.7997811436653137,
        "std": 0.04609478637576103
      },
      "3": {
        "mean": 0.8056604862213135,
        "std": 0.047423943877220154
      },
      "4": {
        "mean": 0.8163583874702454,
        "std": 0.04968218505382538
      },
      "5": {
        "mean": 0.8353802561759949,
        "std": 0.05158870667219162
      },
      "6": {
        "mean": 0.8785799741744995,
        "std": 0.04959455132484436
      },
      "7": {
        "mean": 0.9359601736068726,
        "std": 0.03413506597280502
      },
      "8": {
        "mean": 0.9787068963050842,
        "std": 0.01235415879637003
      }
    },
    "mnemonic_all": {
      "1": {
        "mean": 0.7835496068000793,
        "std": 0.01237520296126604
      },
      "2": {
        "mean": 0.7850145101547241,
        "std": 0.012963266111910343
      },
      "3": {
        "mean": 0.786783754825592,
        "std": 0.012841274961829185
      },
      "4": {
        "mean": 0.788699746131897,
        "std": 0.014629431068897247
      },
      "5": {
        "mean": 0.7911416888237,
        "std": 0.017275609076023102
      },
      "6": {
        "mean": 0.7882819771766663,
        "std": 0.02338668890297413
      },
      "7": {
        "mean": 0.7742401361465454,
        "std": 0.027532042935490608
      },
      "8": {
        "mean": 0.7608023285865784,
        "std": 0.025700470432639122
      }
    },
    "semantic_same_cat": {
      "1": {
        "mean": 0.8753911962875953,
        "std": 0.026392442520309006
      },
      "2": {
        "mean": 0.8781610511816464,
        "std": 0.026889029384047965
      },
      "3": {
        "mean": 0.8811066813193835,
        "std": 0.026961543943420558
      },
      "4": {
        "mean": 0.8855107337236404,
        "std": 0.02801019932482361
      },
      "5": {
        "mean": 0.8922877341508866,
        "std": 0.02880394271683755
      },
      "6": {
        "mean": 0.9003839316276404,
        "std": 0.02866081601031349
      },
      "7": {
        "mean": 0.8985812022135808,
        "std": 0.03032262987826842
      },
      "8": {
        "mean": 0.893800633916488,
        "std": 0.02882329048551924
      }
    },
    "semantic_all_cat": {
      "1": {
        "mean": 0.8727953433990479,
        "std": 0.013867375440895557
      },
      "2": {
        "mean": 0.8744516968727112,
        "std": 0.014566737227141857
      },
      "3": {
        "mean": 0.8765273094177246,
        "std": 0.014257322996854782
      },
      "4": {
        "mean": 0.8785019516944885,
        "std": 0.01642099767923355
      },
      "5": {
        "mean": 0.8808655738830566,
        "std": 0.019624125212430954
      },
      "6": {
        "mean": 0.8768847584724426,
        "std": 0.02780294232070446
      },
      "7": {
        "mean": 0.8602691292762756,
        "std": 0.03322911262512207
      },
      "8": {
        "mean": 0.8444581627845764,
        "std": 0.03125962242484093
      }
    }
  },
  "lined": {
    "mnemonic_target": {
      "1": {
        "mean": 0.8138464689254761,
        "std": 0.042025256901979446
      },
      "2": {
        "mean": 0.8172810077667236,
        "std": 0.042069874703884125
      },
      "3": {
        "mean": 0.8214053511619568,
        "std": 0.04229460284113884
      },
      "4": {
        "mean": 0.8292248249053955,
        "std": 0.042202409356832504
      },
      "5": {
        "mean": 0.8441170454025269,
        "std": 0.04329473525285721
      },
      "6": {
        "mean": 0.8727408647537231,
        "std": 0.04435575753450394
      },
      "7": {
        "mean": 0.9256504774093628,
        "std": 0.03419889137148857
      },
      "8": {
        "mean": 0.9747068285942078,
        "std": 0.014250459149479866
      }
    },
    "mnemonic_all": {
      "1": {
        "mean": 0.8074480891227722,
        "std": 0.011834599077701569
      },
      "2": {
        "mean": 0.8090934157371521,
        "std": 0.01135273464024067
      },
      "3": {
        "mean": 0.8102896213531494,
        "std": 0.012111659161746502
      },
      "4": {
        "mean": 0.8135192394256592,
        "std": 0.012318273074924946
      },
      "5": {
        "mean": 0.8179075717926025,
        "std": 0.014601417817175388
      },
      "6": {
        "mean": 0.8196190595626831,
        "std": 0.01607990637421608
      },
      "7": {
        "mean": 0.807361364364624,
        "std": 0.023368816822767258
      },
      "8": {
        "mean": 0.7875493764877319,
        "std": 0.023546213284134865
      }
    },
    "semantic_same_cat": {
      "1": {
        "mean": 0.8903090742918162,
        "std": 0.021869515987666076
      },
      "2": {
        "mean": 0.8926041121666248,