{
  "gestalt": {
    "I-JEPA": {
      "1": {
        "mean": 0.310458,
        "std": 0.118723
      },
      "2": {
        "mean": 0.309106,
        "std": 0.118164
      },
      "3": {
        "mean": 0.322033,
        "std": 0.121084
      },
      "4": {
        "mean": 0.352152,
        "std": 0.136029
      },
      "5": {
        "mean": 0.395402,
        "std": 0.154635
      },
      "6": {
        "mean": 0.426766,
        "std": 0.166985
      },
      "7": {
        "mean": 0.457236,
        "std": 0.173452
      },
      "8": {
        "mean": 0.479623,
        "std": 0.165639
      }
    },
    "DINOv2": {
      "1": {
        "mean": 0.277105,
        "std": 0.10409
      },
      "2": {
        "mean": 0.276867,
        "std": 0.108633
      },
      "3": {
        "mean": 0.277332,
        "std": 0.109973
      },
      "4": {
        "mean": 0.276304,
        "std": 0.11077
      },
      "5": {
        "mean": 0.272948,
        "std": 0.110323
      },
      "6": {
        "mean": 0.274191,
        "std": 0.109599
      },
      "7": {
        "mean": 0.270339,
        "std": 0.106674
      },
      "8": {
        "mean": 0.266815,
        "std": 0.103372
      }
    },
    "ViT-supervised": {
      "1": {
        "mean": 0.278807,
        "std": 0.108181
      },
      "2": {
        "mean": 0.280101,
        "std": 0.112002
      },
      "3": {
        "mean": 0.278202,
        "std": 0.114304
      },
      "4": {
        "mean": 0.279148,
        "std": 0.119213
      },
      "5": {
        "mean": 0.27633,
        "std": 0.116549
      },
      "6": {
        "mean": 0.275938,
        "std": 0.118229
      },
      "7": {
        "mean": 0.273336,
        "std": 0.11856
      },
      "8": {
        "mean": 0.276106,
        "std": 0.119618
      }
    }
  },
  "mnemonic": {
    "I-JEPA": {
      "similarity": {
        "1": {
          "mean": 0.742528,
          "std": 0.090411
        },
        "2": {
          "mean": 0.739761,
          "std": 0.093942
        },
        "3": {
          "mean": 0.746728,
          "std": 0.093276
        },
        "4": {
          "mean": 0.766066,
          "std": 0.088564
        },
        "5": {
          "mean": 0.804997,
          "std": 0.083056
        },
        "6": {
          "mean": 0.85851,
          "std": 0.078828
        },
        "7": {
          "mean": 0.925469,
          "std": 0.063445
        },
        "8": {
          "mean": 1.0,
          "std": 0.0
        }
      },
      "retrieval": {
        "1": {
          "mean": 0.288462,
          "std": 0.453047
        },
        "2": {
          "mean": 0.326923,
          "std": 0.469089
        },
        "3": {
          "mean": 0.415385,
          "std": 0.492788
        },
        "4": {
          "mean": 0.45,
          "std": 0.497494
        },
        "5": {
          "mean": 0.530769,
          "std": 0.499052
        },
        "6": {
          "mean": 0.661538,
          "std": 0.473186
        },
        "7": {
          "mean": 0.846154,
          "std": 0.360801
        },
        "8": {
          "mean": 1.0,
          "std": 0.0
        }
      }
    },
    "DINOv2": {
      "similarity": {
        "1": {
          "mean": 0.199057,
          "std": 0.091296
        },
        "2": {
          "mean": 0.223259,
          "std": 0.101141
        },
        "3": {
          "mean": 0.263103,
          "std": 0.11289
        },
        "4": {
          "mean": 0.324577,
          "std": 0.132264
        },
        "5": {
          "mean": 0.439956,
          "std": 0.153235
        },
        "6": {
          "mean": 0.633008,
          "std": 0.142374
        },
        "7": {
          "mean": 0.830058,
          "std": 0.085746
        },
        "8": {
          "mean": 0.943967,
          "std": 0.036652
        }
      },
      "retrieval": {
        "1": {
          "mean": 0.311538,
          "std": 0.463122
        },
        "2": {
          "mean": 0.365385,
          "std": 0.481538
        },
        "3": {
          "mean": 0.461538,
          "std": 0.498519
        },
        "4": {
          "mean": 0.603846,
          "std": 0.489097
        },
        "5": {
          "mean": 0.769231,
          "std": 0.421325
        },
        "6": {
          "mean": 0.976923,
          "std": 0.150148
        },
        "7": {
          "mean": 1.0,
          "std": 0.0
        },
        "8": {
          "mean": 1.0,
          "std": 0.0
        }
      }
    },
    "ViT-supervised": {
      "similarity": {
        "1": {
          "mean": 0.20077,
          "std": 0.092826
        },
        "2": {
          "mean": 0.226931,
          "std": 0.101964
        },
        "3": {
          "mean": 0.259357,
          "std": 0.104038
        },
        "4": {
          "mean": 0.305723,
          "std": 0.112597
        },
        "5": {
          "mean": 0.38246,
          "std": 0.11902
        },
        "6": {
          "mean": 0.517332,
          "std": 0.115629
        },
        "7": {
          "mean": 0.705984,
          "std": 0.098504
        },
        "8": {
          "mean": 0.927915,
          "std": 0.037427
        }
      },
      "retrieval": {
        "1": {
          "mean": 0.315385,
          "std": 0.464669
        },
        "2": {
          "mean": 0.357692,
          "std": 0.479321
        },
        "3": {
          "mean": 0.5,
          "std": 0.5
        },
        "4": {
          "mean": 0.584615,
          "std": 0.492788
        },
        "5": {
          "mean": 0.765385,
          "std": 0.423758
        },
        "6": {
          "mean": 0.888462,
          "std": 0.314798
        },
        "7": {
          "mean": 0.992308,
          "std": 0.087368
        },
        "8": {
          "mean": 1.0,
          "std": 0.0
        }
      }
    }
  },
  "semantic": {
    "I-JEPA": {
      "prototype_acc": {
        "1": {
          "mean": 0.253846,
          "std": 0.435211
        },
        "2": {
          "mean": 0.280769,
          "std": 0.449375
        },
        "3": {
          "mean": 0.342308,
          "std": 0.474482
        },
        "4": {
          "mean": 0.392308,
          "std": 0.488265
        },
        "5": {
          "mean": 0.469231,
          "std": 0.499052
        },
        "6": {
          "mean": 0.519231,
          "std": 0.49963
        },
        "7": {
          "mean": 0.576923,
          "std": 0.494047
        },
        "8": {
          "mean": 0.661538,
          "std": 0.473186
        }
      }
    },
    "DINOv2": {
      "prototype_acc": {
        "1": {
          "mean": 0.3,
          "std": 0.458258
        },
        "2": {
          "mean": 0.261538,
          "std": 0.439473
        },
        "3": {
          "mean": 0.357692,
          "std": 0.479321
        },
        "4": {
          "mean": 0.434615,
          "std": 0.495706
        },
        "5": {
          "mean": 0.565385,
          "std": 0.495706
        },
        "6": {
          "mean": 0.75,
          "std": 0.433013
        },
        "7": {
          "mean": 0.853846,
          "std": 0.35326
        },
        "8": {
          "mean": 0.923077,
          "std": 0.266469
        }
      }
    },
    "ViT-supervised": {
      "prototype_acc": {
        "1": {
          "mean": 0.3,
          "std": 0.458258
        },
        "2": {
          "mean": 0.338462,
          "std": 0.473186
        },
        "3": {
          "mean": 0.4,
          "std": 0.489898
        },
        "4": {
          "mean": 0.457692,
          "std": 0.498207
        },
        "5": {
          "mean": 0.5,
          "std": 0.5
        },
        "6": {
          "mean": 0.615385,
          "std": 0.486504
        },
        "7": {
          "mean": 0.776923,
          "std": 0.41631
        },
        "8": {
          "mean": 0.834615,
          "std": 0.371527
        }
      }
    }
  }
}