{
  "original": {
    "mnemonic_target": {
      "1": {
        "mean": 0.6036941409111023,
        "std": 0.11546272039413452
      },
      "2": {
        "mean": 0.6156021952629089,
        "std": 0.11722677946090698
      },
      "3": {
        "mean": 0.6256352663040161,
        "std": 0.11732468008995056
      },
      "4": {
        "mean": 0.6406948566436768,
        "std": 0.11965733021497726
      },
      "5": {
        "mean": 0.6661548614501953,
        "std": 0.12102460861206055
      },
      "6": {
        "mean": 0.7259665131568909,
        "std": 0.1212969422340393
      },
      "7": {
        "mean": 0.8483129739761353,
        "std": 0.09562728554010391
      },
      "8": {
        "mean": 1.0,
        "std": 1.1061464988415537e-07
      }
    },
    "mnemonic_all": {
      "1": {
        "mean": 0.5670982003211975,
        "std": 0.02752375230193138
      },
      "2": {
        "mean": 0.5724961161613464,
        "std": 0.02717701345682144
      },
      "3": {
        "mean": 0.5761714577674866,
        "std": 0.02763141132891178
      },
      "4": {
        "mean": 0.5817527174949646,
        "std": 0.02970852516591549
      },
      "5": {
        "mean": 0.5915061235427856,
        "std": 0.03291374072432518
      },
      "6": {
        "mean": 0.6162482500076294,
        "std": 0.03809039294719696
      },
      "7": {
        "mean": 0.6555488109588623,
        "std": 0.045075200498104095
      },
      "8": {
        "mean": 0.6508135199546814,
        "std": 0.06398503482341766
      }
    },
    "semantic_same_cat": {
      "1": {
        "mean": 0.6785928290623885,
        "std": 0.06757229678838282
      },
      "2": {
        "mean": 0.6861037615400094,
        "std": 0.0669710236700636
      },
      "3": {
        "mean": 0.6918844874088581,
        "std": 0.06769447512230262
      },
      "4": {
        "mean": 0.700705530322515,
        "std": 0.07107779230580165
      },
      "5": {
        "mean": 0.7158677109158956,
        "std": 0.07451142253811434
      },
      "6": {
        "mean": 0.753037582223232,
        "std": 0.07409363661941346
      },
      "7": {
        "mean": 0.8193308183780084,
        "std": 0.06670176492610567
      },
      "8": {
        "mean": 0.8444801092147827,
        "std": 0.07703683329384954
      }
    },
    "semantic_all_cat": {
      "1": {
        "mean": 0.6701828241348267,
        "std": 0.03291001543402672
      },
      "2": {
        "mean": 0.6762723326683044,
        "std": 0.03254608064889908
      },
      "3": {
        "mean": 0.680323600769043,
        "std": 0.03310279920697212
      },
      "4": {
        "mean": 0.6866111755371094,
        "std": 0.03562941029667854
      },
      "5": {
        "mean": 0.6979055404663086,
        "std": 0.039460886269807816
      },
      "6": {
        "mean": 0.7270617485046387,
        "std": 0.04548221081495285
      },
      "7": {
        "mean": 0.7734630703926086,
        "std": 0.053786441683769226
      },
      "8": {
        "mean": 0.7689793109893799,
        "std": 0.07696440070867538
      }
    }
  },
  "gray": {
    "mnemonic_target": {
      "1": {
        "mean": 0.5976194739341736,
        "std": 0.12168353796005249
      },
      "2": {
        "mean": 0.6073863506317139,
        "std": 0.12330912798643112
      },
      "3": {
        "mean": 0.616653323173523,
        "std": 0.12318892776966095
      },
      "4": {
        "mean": 0.6305974721908569,
        "std": 0.12395185977220535
      },
      "5": {
        "mean": 0.6571382880210876,
        "std": 0.12768304347991943
      },
      "6": {
        "mean": 0.7210308909416199,
        "std": 0.12845376133918762
      },
      "7": {
        "mean": 0.8532653450965881,
        "std": 0.0985044613480568
      },
      "8": {
        "mean": 1.0,
        "std": 1.1427433577182455e-07
      }
    },
    "mnemonic_all": {
      "1": {
        "mean": 0.573091447353363,
        "std": 0.026552516967058182
      },
      "2": {
        "mean": 0.5773171782493591,
        "std": 0.028181998059153557
      },
      "3": {
        "mean": 0.5797603726387024,
        "std": 0.028129801154136658
      },
      "4": {
        "mean": 0.5851353406906128,
        "std": 0.02963777631521225
      },
      "5": {
        "mean": 0.5956379175186157,
        "std": 0.03177611529827118
      },
      "6": {
        "mean": 0.6249409317970276,
        "std": 0.036832429468631744
      },
      "7": {
        "mean": 0.6628664135932922,
        "std": 0.04156319797039032
      },
      "8": {
        "mean": 0.6515355706214905,
        "std": 0.06761147081851959
      }
    },
    "semantic_same_cat": {
      "1": {
        "mean": 0.6842576139248334,
        "std": 0.06525057713580161
      },
      "2": {
        "mean": 0.6901135424008736,
        "std": 0.0655702515608926
      },
      "3": {
        "mean": 0.6946594221087602,
        "std": 0.06569655772164444
      },
      "4": {
        "mean": 0.7032286155682343,
        "std": 0.06910951310121498
      },
      "5": {
        "mean": 0.7193065845049345,
        "std": 0.07376531967482255
      },
      "6": {
        "mean": 0.7627451862280186,
        "std": 0.07395514025195558
      },
      "7": {
        "mean": 0.8290979557312452,
        "std": 0.06394326969961955
      },
      "8": {
        "mean": 0.8446269732255202,
        "std": 0.07832616596039021
      }
    },
    "semantic_all_cat": {
      "1": {
        "mean": 0.6781500577926636,
        "std": 0.031900860369205475
      },
      "2": {
        "mean": 0.682792067527771,
        "std": 0.03391523286700249
      },
      "3": {
        "mean": 0.6854066848754883,
        "std": 0.03394310921430588
      },
      "4": {
        "mean": 0.6914820671081543,
        "std": 0.03569382056593895
      },
      "5": {
        "mean": 0.7037513852119446,
        "std": 0.038257062435150146
      },
      "6": {
        "mean": 0.7383375763893127,
        "std": 0.044387511909008026
      },
      "7": {
        "mean": 0.7826539874076843,
        "std": 0.050141945481300354
      },
      "8": {
        "mean": 0.7694441676139832,
        "std": 0.08190087974071503
      }
    }
  },
  "lined": {
    "mnemonic_target": {
      "1": {
        "mean": 0.7425280809402466,
        "std": 0.09041058272123337
      },
      "2": {
        "mean": 0.7397609949111938,
        "std": 0.09394226223230362
      },
      "3": {
        "mean": 0.7467275857925415,
        "std": 0.0932757556438446
      },
      "4": {
        "mean": 0.7660659551620483,
        "std": 0.08856358379125595
      },
      "5": {
        "mean": 0.8049972653388977,
        "std": 0.08305644243955612
      },
      "6": {
        "mean": 0.8585103154182434,
        "std": 0.07882802188396454
      },
      "7": {
        "mean": 0.9254686236381531,
        "std": 0.06344489008188248
      },
      "8": {
        "mean": 1.0,
        "std": 1.1469369098904281e-07
      }
    },
    "mnemonic_all": {
      "1": {
        "mean": 0.7167142629623413,
        "std": 0.04567721486091614
      },
      "2": {
        "mean": 0.7088856101036072,
        "std": 0.057158462703228
      },
      "3": {
        "mean": 0.7089966535568237,
        "std": 0.05783386901021004
      },
      "4": {
        "mean": 0.7184706330299377,
        "std": 0.05373290181159973
      },
      "5": {
        "mean": 0.7429115772247314,
        "std": 0.046153437346220016
      },
      "6": {
        "mean": 0.7727565765380859,
        "std": 0.04242155700922012
      },
      "7": {
        "mean": 0.7978359460830688,
        "std": 0.04343187063932419
      },
      "8": {
        "mean": 0.7983468174934387,
        "std": 0.06197346746921539
      }
    },
    "semantic_same_cat": {
      "1": {
        "mean": 0.7904275298118592,
        "std": 0.052689296845677
      },
      "2": {
        "mean": 0.7837417556689336,
        "std": 0.06358613232269154
      },